courseId,courseName,institute,timeZone
bchristophe0,Berri,UNSA,America/Bogota
bfullard1,Bayard,UNSA,Asia/Omsk
dmawhinney2,Damon,UNSA,Europe/Paris
kclapston3,Kellsie,UNSA,Europe/Stockholm
adearan4,Ade,UNSA,Asia/Shanghai
tciobutaro5,Torre,UNSA,Europe/Chisinau
ahuggill6,Amii,UNSA,America/Santo_Domingo
bashingden7,Buck,UNSA,Asia/Bangkok
kmccray8,Karina,UNSA,Europe/Uzhgorod
tmusso9,Theodor,UNSA,Atlantic/Reykjavik
lskeletona,Lilas,UNSA,Europe/Skopje
aorrissb,Avram,UNSA,Asia/Seoul
byeomanc,Bibi,UNSA,America/Guayaquil
hbottd,Hayes,UNSA,America/Sao_Paulo
mpoulsone,Melody,UNSA,Asia/Shanghai
abaumaierf,Augusta,UNSA,Europe/Warsaw
gevequotg,Geralda,UNSA,Europe/Stockholm
bdunseathh,Bax,UNSA,Europe/Moscow
wsprullsi,Winnie,UNSA,Asia/Bangkok
hbrewinj,Hastings,UNSA,Asia/Jakarta
msidesk,Manolo,UNSA,Asia/Makassar
lduchesnel,Lillian,UNSA,Europe/Stockholm
bnoblesm,Beryle,UNSA,Asia/Nicosia
cbywayn,Colan,UNSA,Asia/Seoul
kriddallo,Kirsti,UNSA,Asia/Bangkok
emouncep,Emmye,UNSA,Asia/Jakarta
kmertschingq,Karlee,UNSA,Europe/Belgrade
hbottonr,Hazel,UNSA,Asia/Shanghai
bhearleys,Brice,UNSA,Asia/Makassar
ajorcket,Alma,UNSA,Asia/Shanghai
gfulleu,Gabe,UNSA,Asia/Krasnoyarsk
mnurseyv,Merry,UNSA,Europe/Paris
nokinedyw,Nesta,UNSA,Europe/Warsaw
hfilipychevx,Hannah,UNSA,Europe/Ljubljana
ttallmany,Thatcher,UNSA,Asia/Makassar
dprimettz,Dylan,UNSA,Asia/Manila
rjukubczak10,Ransom,UNSA,Asia/Jakarta
ccliff11,Clive,UNSA,Asia/Jakarta
sgrain12,Sim,UNSA,America/Jamaica
rkauble13,Rossie,UNSA,Europe/Lisbon
clandes14,Cathlene,UNSA,Asia/Chongqing
lpevsner15,Lyndsey,UNSA,Asia/Jakarta
mceeley16,Matthaeus,UNSA,Asia/Shanghai
loakhill17,Lana,UNSA,Europe/Paris
sjohnsey18,Stephen,UNSA,Indian/Maldives
cbazek19,Christoper,UNSA,Asia/Harbin
mwhitsey1a,Marshall,UNSA,Asia/Manila
tpenman1b,Theodore,UNSA,Asia/Ho_Chi_Minh
mhuggard1c,Mar,UNSA,Asia/Makassar
dbelloch1d,Debee,UNSA,Asia/Tokyo
hbutler1e,Hanan,UNSA,Asia/Chongqing
eshuxsmith1f,Elysia,UNSA,Asia/Tehran
ccarnegie1g,Clarance,UNSA,Africa/Dakar
agrabert1h,Allison,UNSA,Africa/Abidjan
abasindale1i,Alick,UNSA,America/New_York
ablackford1j,Anton,UNSA,Europe/Lisbon
jroarty1k,Jacklin,UNSA,Asia/Makassar
naleixo1l,Nealson,UNSA,America/Lima
sgarthside1m,Simmonds,UNSA,America/Chicago
kpitkin1n,Karel,UNSA,Europe/Warsaw
atreadaway1o,Alva,UNSA,Europe/Tallinn
barnaldy1p,Barth,UNSA,Asia/Chongqing
ggirdwood1q,Gregg,UNSA,Africa/Porto-Novo
kskeath1r,Kora,UNSA,America/Bogota
gramsbottom1s,Gabby,UNSA,Asia/Baghdad
ppalluschek1t,Paulita,UNSA,Europe/Lisbon
adebrett1u,Abbe,UNSA,Asia/Shanghai
kmacadie1v,Katharina,UNSA,Europe/Stockholm
dmckeighan1w,Debbie,UNSA,Europe/Kiev
irodmell1x,Ingaborg,UNSA,Asia/Krasnoyarsk
deyeington1y,Demetre,UNSA,Asia/Jakarta
martin1z,Margalit,UNSA,America/Mexico_City
olowseley20,Orlando,UNSA,Europe/Prague
csheran21,Craggie,UNSA,Europe/Simferopol
bspittall22,Benita,UNSA,Europe/Moscow
lkillby23,Lock,UNSA,Pacific/Auckland
zpetyanin24,Zedekiah,UNSA,Asia/Chongqing
vsinnett25,Viv,UNSA,Asia/Shanghai
wroggerone26,Witty,UNSA,Europe/Athens
rridgwell27,Ruttger,UNSA,Africa/Porto-Novo
dmcvity28,Delinda,UNSA,Pacific/Palau
ltowson29,Lea,UNSA,Asia/Chongqing
cpetrello2a,Clayborne,UNSA,America/Bogota
mcrust2b,Morlee,UNSA,Asia/Shanghai
msurgenor2c,Marya,UNSA,Europe/Moscow
iroskeilly2d,Iolanthe,UNSA,Asia/Kabul
lthornewell2e,Leroi,UNSA,Asia/Harbin
tfaughey2f,Teirtza,UNSA,America/Caracas
bheaysman2g,Bryn,UNSA,Asia/Riyadh
guwins2h,Gayelord,UNSA,Africa/Lubumbashi
lburkitt2i,Laurel,UNSA,America/Mexico_City
cjoppich2j,Curt,UNSA,Europe/Stockholm
jdumbare2k,Jamie,UNSA,Asia/Makassar
hthirlwell2l,Heywood,UNSA,America/Mexico_City
qpickthorn2m,Quinta,UNSA,America/Chicago
jmcwhannel2n,Jozef,UNSA,Europe/Paris
dwitcherley2o,Donny,UNSA,Europe/Stockholm
fsawtell2p,Fredi,UNSA,America/Los_Angeles
ndonneely2q,Nealon,UNSA,Pacific/Port_Moresby
gashley2r,Geno,UNSA,Asia/Chongqing
vgoeff2s,Vaclav,UNSA,Europe/Helsinki
tummfrey2t,Trent,UNSA,America/Caracas
sdocherty2u,Saunder,UNSA,Europe/Lisbon
ccornils2v,Chandra,UNSA,Africa/Bamako
gaysik2w,Garrek,UNSA,Africa/Accra
dblacklawe2x,Demott,UNSA,Asia/Harbin
scarnegie2y,Smitty,UNSA,Europe/Uzhgorod
cbruce2z,Colline,UNSA,Asia/Bahrain
cclyma30,Cesare,UNSA,Europe/Moscow
gbrackstone31,Grant,UNSA,America/Bahia
jcovell32,Jeffrey,UNSA,Asia/Jakarta
ctansill33,Cori,UNSA,America/Tegucigalpa
jheighway34,Joachim,UNSA,Asia/Irkutsk
lbruggeman35,Lyell,UNSA,Europe/Lisbon
mfarrance36,Malanie,UNSA,America/Sao_Paulo
rpischoff37,Regan,UNSA,Africa/Cairo
drantoul38,Diandra,UNSA,America/El_Salvador
lskures39,Larina,UNSA,Asia/Shanghai
drigmond3a,Devan,UNSA,Asia/Makassar
ltrulocke3b,Leanna,UNSA,Asia/Manila
lhanscom3c,Lindon,UNSA,Asia/Kabul
aketchaside3d,Ashley,UNSA,Africa/Luanda
bisaksen3e,Brewer,UNSA,Europe/Lisbon
gharness3f,Gracia,UNSA,America/Sao_Paulo
lgiacobillo3g,Leia,UNSA,Asia/Aden
ladlard3h,Locke,UNSA,America/Santiago
ssibborn3i,Shalne,UNSA,Asia/Makassar
cmico3j,Corrie,UNSA,Asia/Bangkok
eshimuk3k,Edsel,UNSA,Asia/Manila
atomaszczyk3l,Abeu,UNSA,America/Bogota
mdavey3m,Mason,UNSA,Asia/Chongqing
alightbourne3n,Abby,UNSA,Asia/Shanghai
mtrayes3o,Michaella,UNSA,Europe/Volgograd
eelvey3p,Elvina,UNSA,Asia/Manila
akeiley3q,Ania,UNSA,Asia/Makassar
jhatley3r,Judas,UNSA,Asia/Chongqing
ctruggian3s,Creight,UNSA,Asia/Chongqing
pjeannon3t,Poppy,UNSA,America/New_York
bburle3u,Buddie,UNSA,Asia/Ulaanbaatar
ejarman3v,Eryn,UNSA,Africa/Dar_es_Salaam
halbrook3w,Hattie,UNSA,Europe/Brussels
neynald3x,Nicholle,UNSA,Asia/Shanghai
slegon3y,Sondra,UNSA,Asia/Shanghai
cgodspede3z,Collette,UNSA,America/Bogota
emanoch40,Egon,UNSA,Africa/Bujumbura
bthorn41,Brooks,UNSA,Asia/Kathmandu
apasmore42,Auria,UNSA,Asia/Manila
cgehrels43,Caesar,UNSA,Asia/Chongqing
scopas44,Simonne,UNSA,America/Lima
glascell45,Gill,UNSA,Europe/Kiev
scasaletto46,Saw,UNSA,Asia/Tokyo
abroun47,Andreana,UNSA,Asia/Urumqi
dthatcher48,Delmer,UNSA,Africa/Lagos
openwarden49,Odo,UNSA,Asia/Chongqing
kwhitely4a,Kerr,UNSA,Asia/Shanghai
squaife4b,Stafani,UNSA,Asia/Makassar
novendale4c,Norry,UNSA,Asia/Shanghai
ajollye4d,Averil,UNSA,Asia/Dushanbe
dharmant4e,Dunc,UNSA,Asia/Chongqing
trudkin4f,Tobe,UNSA,Europe/Lisbon
enicholas4g,Ethel,UNSA,America/Edmonton
ctilliards4h,Cesare,UNSA,Europe/Warsaw
lmarriott4i,Llewellyn,UNSA,Europe/Moscow
bdollard4j,Benoit,UNSA,Asia/Jakarta
ustruis4k,Ursa,UNSA,Asia/Tokyo
ggeorger4l,Ginnie,UNSA,Asia/Jakarta
eshallow4m,Ewart,UNSA,Asia/Tokyo
tyuryatin4n,Tiphani,UNSA,America/Denver
tnaisbet4o,Tanny,UNSA,Atlantic/Bermuda
ileeson4p,Inger,UNSA,Europe/Tirane
mlongcake4q,Marysa,UNSA,Asia/Chongqing
schauvey4r,Svend,UNSA,America/Los_Angeles
kfrench4s,Kinsley,UNSA,Africa/Casablanca
fnorthill4t,Fletcher,UNSA,America/Sao_Paulo
tdarinton4u,Tandy,UNSA,Asia/Manila
bcabble4v,Brooks,UNSA,Asia/Shanghai
fseller4w,Flss,UNSA,Asia/Shanghai
rbealing4x,Reeba,UNSA,Indian/Comoro
jnorkutt4y,Jilleen,UNSA,Europe/Moscow
dtoulamain4z,Darb,UNSA,Europe/Paris
jattwool50,Julianna,UNSA,Pacific/Honolulu
gbuchanan51,Gwenny,UNSA,Europe/Moscow
ajedras52,Alon,UNSA,America/Guatemala
eroomes53,Edita,UNSA,Asia/Manila
jneller54,Jacobo,UNSA,Asia/Chongqing
srathjen55,Sylvan,UNSA,Asia/Jakarta
jtooze56,Jobi,UNSA,Europe/Prague
mbrahm57,Maddie,UNSA,Asia/Chongqing
djurczyk58,Desmund,UNSA,Europe/Paris
unolan59,Uriah,UNSA,Europe/Copenhagen
ckeets5a,Clemente,UNSA,America/Costa_Rica
jubank5b,Joy,UNSA,Asia/Shanghai
jgilhouley5c,Jude,UNSA,Asia/Tokyo
zkristoffersen5d,Zachery,UNSA,Europe/Paris
anappin5e,Algernon,UNSA,Africa/Khartoum
ccostell5f,Camala,UNSA,Asia/Bangkok
jshyres5g,Jacky,UNSA,Asia/Karachi
cstorie5h,Collie,UNSA,Asia/Jakarta
clondors5i,Chelsy,UNSA,Asia/Chongqing
wwebley5j,Welsh,UNSA,Asia/Chongqing
lcourtonne5k,Liesa,UNSA,Asia/Tokyo
rgutsell5l,Roger,UNSA,America/Lima
lebdon5m,Leeanne,UNSA,Asia/Makassar
wstrick5n,Waylan,UNSA,Europe/Moscow
fokill5o,Fredrick,UNSA,Asia/Manila
mblayd5p,Merna,UNSA,Europe/Moscow
irockey5q,Irene,UNSA,America/Montreal
dhundy5r,Dimitry,UNSA,Europe/Volgograd
loneal5s,Loralie,UNSA,Europe/Stockholm
fshortin5t,Felicdad,UNSA,Europe/Volgograd
ldelaspee5u,Lindie,UNSA,America/Bogota
ewhitely5v,Elsey,UNSA,Europe/Athens
cstrowthers5w,Costa,UNSA,Asia/Shanghai
cmarcoolyn5x,Cynthia,UNSA,Asia/Chongqing
fpenswick5y,Faustine,UNSA,Asia/Shanghai
bpidwell5z,Bucky,UNSA,Europe/Paris
pgoodlatt60,Pren,UNSA,America/Sao_Paulo
tmanhood61,Tybalt,UNSA,Europe/Athens
kcollisson62,Karyl,UNSA,Asia/Jakarta
chelgass63,Cheston,UNSA,Asia/Irkutsk
rbeamont64,Rodolph,UNSA,America/Managua
vmeryett65,Vanessa,UNSA,Africa/Lagos
hlippingwell66,Henryetta,UNSA,Asia/Aden
sbenard67,Starlin,UNSA,America/Lima
rreape68,Rosa,UNSA,Europe/Prague
cvasovic69,Cecilia,UNSA,Europe/Athens
pkumar6a,Pearle,UNSA,Europe/Sofia
emandel6b,Erena,UNSA,Asia/Chongqing
dcourtenay6c,Diandra,UNSA,Europe/Budapest
komailey6d,Karmen,UNSA,Europe/Minsk
dlesarr6e,Dix,UNSA,Europe/Oslo
lallibone6f,Lavena,UNSA,Europe/Warsaw
mdeleon6g,Meryl,UNSA,Asia/Shanghai
fnuzzti6h,Fredia,UNSA,Europe/London
apaviour6i,Abie,UNSA,America/Santo_Domingo
castling6j,Claudell,UNSA,Asia/Manila
rplayer6k,Reginald,UNSA,Asia/Manila
sradley6l,Sebastien,UNSA,Europe/Paris
slandon6m,Simmonds,UNSA,Europe/Helsinki
bstutard6n,Bobbe,UNSA,Asia/Tokyo
bzanicchelli6o,Berny,UNSA,Europe/Moscow
jstorcke6p,Jeremie,UNSA,America/Bogota
msuttie6q,Margaretha,UNSA,Asia/Yekaterinburg
fjikovsky6r,Fabe,UNSA,Europe/Lisbon
sathy6s,Sarajane,UNSA,America/Vancouver
yfulmen6t,Yoko,UNSA,Africa/Addis_Ababa
kandreassen6u,Kelcey,UNSA,Europe/Prague
cmcdonand6v,Constantine,UNSA,Asia/Manila
jtwydell6w,Jaquelin,UNSA,Europe/Lisbon
ksanti6x,Kirstyn,UNSA,Europe/Moscow
alarkby6y,Agnes,UNSA,Europe/Stockholm
arisborough6z,Aeriel,UNSA,Europe/Dublin
acaveau70,Abby,UNSA,Asia/Chongqing
gjills71,Gusti,UNSA,Europe/Zagreb
rgrieve72,Randy,UNSA,America/Sao_Paulo
rlook73,Randa,UNSA,Europe/Minsk
vglassopp74,Vladimir,UNSA,America/La_Paz
ddanaher75,Donal,UNSA,Asia/Dubai
dewell76,Darrelle,UNSA,America/Tegucigalpa
aizhakov77,Alix,UNSA,Asia/Jakarta
mrapley78,Mareah,UNSA,Asia/Tokyo
jengeham79,Jules,UNSA,America/New_York
mwestcott7a,Maible,UNSA,Asia/Jerusalem
klibbis7b,Kristian,UNSA,Asia/Chongqing
gfeechum7c,Gary,UNSA,Asia/Chongqing
crosenwasser7d,Cami,UNSA,Europe/Lisbon
rsalleir7e,Reed,UNSA,Asia/Taipei
mcarverhill7f,Michelle,UNSA,Asia/Ho_Chi_Minh
mpancoast7g,Merrilee,UNSA,Asia/Manila
farchibald7h,Ferdinanda,UNSA,Asia/Chongqing
taaronsohn7i,Toby,UNSA,Asia/Pyongyang
imartinek7j,Ivar,UNSA,Asia/Shanghai
cdjokic7k,Corrianne,UNSA,Asia/Shanghai
sfilip7l,Salomi,UNSA,America/Sao_Paulo
bclouter7m,Burk,UNSA,Asia/Manila
kmcgibbon7n,Kenton,UNSA,Europe/Moscow
billiston7o,Barclay,UNSA,Africa/Windhoek
mcucinotta7p,Merissa,UNSA,Asia/Makassar
mmacneil7q,Micheil,UNSA,Asia/Jakarta
peilert7r,Pren,UNSA,Asia/Kabul
pmyhan7s,Pippy,UNSA,Asia/Harbin
wburgoin7t,Willabella,UNSA,Indian/Antananarivo
hyanne7u,Hakim,UNSA,Asia/Kabul
kpates7v,Kermy,UNSA,Asia/Tokyo
tpalphramand7w,Timi,UNSA,Asia/Krasnoyarsk
nbasile7x,Nelli,UNSA,Europe/Warsaw
seuesden7y,Sidonnie,UNSA,America/Argentina/Cordoba
tszymanowski7z,Thomasa,UNSA,Europe/Moscow
grouse80,Goober,UNSA,Asia/Manila
nblodg81,Nick,UNSA,America/Kentucky/Louisville
jlegrice82,Jo,UNSA,Europe/Moscow
ltesyro83,Lowe,UNSA,Asia/Manila
mprewer84,Mallorie,UNSA,Asia/Jakarta
bgrishechkin85,Barry,UNSA,Africa/Lagos
ccurrm86,Charin,UNSA,Europe/Oslo
wbecks87,Wilfrid,UNSA,Asia/Shanghai
lworboy88,Lloyd,UNSA,Asia/Makassar
echicchelli89,Ellie,UNSA,Asia/Ho_Chi_Minh
kstenet8a,Kassi,UNSA,Asia/Manila
gstockport8b,Gregoor,UNSA,Asia/Jakarta
hdunsleve8c,Hyacinth,UNSA,Europe/Tallinn
afanshawe8d,Annecorinne,UNSA,Asia/Jakarta
dsandland8e,Delly,UNSA,Asia/Makassar
cessam8f,Colly,UNSA,America/Bogota
bkynnd8g,Belva,UNSA,Asia/Chongqing
bdacombe8h,Belle,UNSA,Asia/Manila
clakeman8i,Carline,UNSA,America/La_Paz
astickler8j,Alyss,UNSA,Europe/Belgrade
abrickdale8k,Archaimbaud,UNSA,Europe/Tirane
daire8l,Darin,UNSA,Asia/Pontianak
nmelling8m,Nollie,UNSA,Asia/Makassar
ucolter8n,Ursula,UNSA,Europe/Vilnius
cdmitr8o,Carine,UNSA,Europe/Moscow
kcorryer8p,Korey,UNSA,Asia/Damascus
psommerling8q,Porter,UNSA,Asia/Vladivostok
bforty8r,Bernarr,UNSA,Asia/Yerevan
tcoverly8s,Tucker,UNSA,Asia/Jakarta
psmallpeice8t,Pip,UNSA,Europe/Lisbon
mberling8u,Marten,UNSA,America/Sao_Paulo
vjordi8v,Vanessa,UNSA,Asia/Shanghai
agreenough8w,Alisun,UNSA,Asia/Shanghai
pwalton8x,Paquito,UNSA,America/Lima
lhynes8y,Laurena,UNSA,Europe/Vilnius
hlammas8z,Hardy,UNSA,America/Mexico_City
bmacgaughy90,Bella,UNSA,Asia/Vientiane
dwithringten91,Darnell,UNSA,Europe/Moscow
strenouth92,Spike,UNSA,Asia/Chongqing
soliveti93,Sissy,UNSA,Europe/Lisbon
eleighfield94,Emanuel,UNSA,Europe/Warsaw
dfourman95,Darlleen,UNSA,Asia/Jakarta
lelfitt96,Lillian,UNSA,Asia/Colombo
abastick97,Ase,UNSA,Asia/Amman
arosenhaus98,Agathe,UNSA,Asia/Makassar
santushev99,Shepherd,UNSA,Asia/Kuala_Lumpur
deric9a,Daloris,UNSA,America/Tegucigalpa
aace9b,Alane,UNSA,Africa/Dar_es_Salaam
eokroy9c,Elli,UNSA,Africa/Accra
tdracey9d,Trista,UNSA,Asia/Shanghai
rkolodziejski9e,Rhonda,UNSA,Asia/Manila
cwrathmall9f,Carlye,UNSA,America/Tegucigalpa
mkinchin9g,Merla,UNSA,Asia/Chongqing
ehollow9h,Elissa,UNSA,Europe/Prague
cspiller9i,Corrinne,UNSA,Europe/Paris
earchdeckne9j,Evered,UNSA,Asia/Jakarta
lgogan9k,Lee,UNSA,Europe/Athens
sjosipovic9l,Stace,UNSA,Asia/Shanghai
dhiland9m,Dania,UNSA,Asia/Jakarta
cvear9n,Cory,UNSA,America/Bogota
lshervington9o,Laurena,UNSA,Africa/Cairo
abeven9p,Alberto,UNSA,Asia/Makassar
mdanilewicz9q,Marshall,UNSA,Europe/Sofia
ppilkington9r,Penelope,UNSA,Africa/Banjul
fstrongman9s,Farlee,UNSA,Europe/Zagreb
wwestrip9t,Winny,UNSA,Europe/Moscow
edowns9u,Edeline,UNSA,Asia/Kuala_Lumpur
spaddle9v,Susie,UNSA,Asia/Jakarta
kscimonelli9w,Kameko,UNSA,Asia/Baku
hfonte9x,Halimeda,UNSA,Asia/Jakarta
gwhisker9y,Gabrielle,UNSA,Europe/Moscow
jkliche9z,Joshuah,UNSA,Asia/Tokyo
tcheswortha0,Timothea,UNSA,Asia/Manila
jruvela1,Jemmy,UNSA,Asia/Harbin
ggrewesa2,Gustie,UNSA,America/Chicago
rdabbsa3,Robby,UNSA,America/Lima
mdonovina4,Michel,UNSA,Asia/Shanghai
djossea5,Dionysus,UNSA,Africa/Tunis
orubensa6,Othilie,UNSA,Asia/Shanghai
kchandera7,Karol,UNSA,Africa/Douala
dnorthinga8,Darrick,UNSA,America/Sao_Paulo
mkeeblea9,Merci,UNSA,Africa/Casablanca
thickeringillaa,Tisha,UNSA,Europe/Stockholm
lmcgerrab,Leshia,UNSA,Africa/Lusaka
wcheethamac,Whittaker,UNSA,Asia/Jakarta
ebalcersad,Eziechiele,UNSA,Europe/Lisbon
fnizardae,Frants,UNSA,America/Argentina/Buenos_Aires
ditzhaiekaf,Demott,UNSA,Asia/Qyzylorda
wmelettiag,Welby,UNSA,Asia/Chongqing
doneilah,Daisie,UNSA,Africa/Accra
tstanyforthai,Tilly,UNSA,Asia/Jakarta
aaksellaj,Annabelle,UNSA,Asia/Bangkok
amccarrellak,Alfie,UNSA,Asia/Manila
lcarnegieal,Liliane,UNSA,Asia/Jerusalem
tsmeatonam,Timmy,UNSA,Asia/Omsk
scurzonan,Siouxie,UNSA,Asia/Harbin
dyegorevao,Dana,UNSA,Asia/Jakarta
hpappsap,Heywood,UNSA,America/Lima
ttiddyaq,Theodore,UNSA,Asia/Jakarta
hbeauchampar,Heather,UNSA,Europe/Lisbon
cramsieras,Christoforo,UNSA,Europe/Copenhagen
pklessat,Powell,UNSA,Asia/Makassar
ddutchau,Deloria,UNSA,Asia/Shanghai
dlaybourneav,Diahann,UNSA,Asia/Kabul
kleanaw,Kalinda,UNSA,Africa/Banjul
smangerax,Sergei,UNSA,Asia/Bishkek
iwalneay,Ivett,UNSA,Europe/Paris
aquixleyaz,Athene,UNSA,Europe/Lisbon
eboxeb0,Earvin,UNSA,America/Guatemala
nalekseevb1,Nyssa,UNSA,Europe/Paris
rdalliganb2,Rochella,UNSA,America/Chicago
sgianneschib3,Sibel,UNSA,Asia/Chongqing
asearchb4,Alidia,UNSA,America/Fortaleza
hhearnsb5,Harlie,UNSA,Asia/Bangkok
vsimantsb6,Vin,UNSA,Asia/Jakarta
dludovicib7,Danya,UNSA,Asia/Seoul
dcollymoreb8,Devin,UNSA,Asia/Nicosia
dpernellb9,Dorey,UNSA,Asia/Jakarta
cwhileyba,Claude,UNSA,Europe/Paris
yreppaportbb,Yancey,UNSA,Europe/Amsterdam
udrustbc,Ursola,UNSA,Europe/London
isphinxebd,Irvine,UNSA,Europe/Lisbon
ekubasekbe,Ethelbert,UNSA,Europe/Bucharest
tvannozziibf,Teodor,UNSA,Asia/Shanghai
mliversagebg,Meris,UNSA,Asia/Yerevan
wgrottybh,Whitaker,UNSA,America/Guatemala
ebennybi,Ellsworth,UNSA,Asia/Jakarta
trignoldbj,Tracy,UNSA,Asia/Shanghai
mkelleherbk,Merle,UNSA,Europe/Rome
ciggobl,Carma,UNSA,Europe/Belgrade
jsienebm,Jayme,UNSA,Europe/Sofia
kpelferbn,Kamilah,UNSA,Asia/Harbin
adigglesbo,Allistir,UNSA,Asia/Jakarta
hcrocettobp,Helli,UNSA,Europe/Paris
jhutablebq,Jocelin,UNSA,Africa/Lagos
tkrystekbr,Tome,UNSA,America/Santarem
fcreffieldbs,Flss,UNSA,Europe/Zagreb
rbauldrybt,Raffarty,UNSA,Asia/Manila
eludybu,Elwyn,UNSA,Europe/Zaporozhye
choveebv,Clim,UNSA,Europe/Vilnius
ilivardbw,Ivy,UNSA,Europe/Stockholm
ekenafaquebx,Elvis,UNSA,America/Argentina/Buenos_Aires
cgilmartinby,Colene,UNSA,Europe/Ljubljana
kloftinbz,Kristofer,UNSA,Africa/Accra
tjaillerc0,Ted,UNSA,America/Caracas
dchreec1,Dulcie,UNSA,Europe/Warsaw
gdaviddec2,Gardy,UNSA,America/Recife
mchesterfieldc3,Margareta,UNSA,America/Panama
swhittingtonc4,Susana,UNSA,Asia/Shanghai
rhutchinc5,Reina,UNSA,Africa/Lagos
jbitchenerc6,Joachim,UNSA,Asia/Makassar
dnorreec7,Dare,UNSA,Africa/Ndjamena
cgerdtsc8,Clywd,UNSA,Europe/Lisbon
lwarlowc9,Luther,UNSA,Europe/Moscow
pvondruskaca,Pennie,UNSA,Asia/Manila
glyvencb,Granthem,UNSA,America/New_York
mdeblecc,Morgan,UNSA,Asia/Manila
dpieterscd,Delaney,UNSA,America/Santiago
smacdowallce,Shelby,UNSA,Africa/Tunis
mluceycf,Moselle,UNSA,Africa/Johannesburg
grussicg,Griz,UNSA,America/Sao_Paulo
mcolumbinech,Mada,UNSA,Europe/Lisbon
mbrockmanci,Mahmud,UNSA,Europe/Skopje
gfinnickcj,Gray,UNSA,Asia/Samarkand
aiacomettiick,Archie,UNSA,Asia/Jakarta
cbalshawcl,Consuela,UNSA,Asia/Manila
aleftwichcm,Agosto,UNSA,Asia/Jakarta
kbluchercn,Klarrisa,UNSA,Europe/Stockholm
dredmellco,Dorolice,UNSA,Europe/Andorra
igosnallcp,Ivonne,UNSA,Asia/Damascus
fmarcombecq,Farra,UNSA,America/Bogota
tnorcrosscr,Trish,UNSA,Asia/Manila
ameltetalcs,Artair,UNSA,Asia/Manila
daylwinct,Di,UNSA,America/Sao_Paulo
vcrimincu,Von,UNSA,Asia/Harbin
bflochcv,Bucky,UNSA,America/Mexico_City
blambrookcw,Brander,UNSA,Asia/Shanghai
cbucklecx,Caty,UNSA,Asia/Shanghai
ebrittonercy,Evan,UNSA,Europe/Oslo
etarrycz,Eleanore,UNSA,Asia/Shanghai
nnancarrowd0,Niels,UNSA,Asia/Shanghai
cgillardd1,Carree,UNSA,Asia/Hebron
jchatfieldd2,Jessee,UNSA,Asia/Ashgabat
fstovingd3,Fax,UNSA,Europe/Moscow
tbilovusd4,Toddie,UNSA,Asia/Yerevan
ezeplind5,Eloisa,UNSA,America/Sao_Paulo
eensleyd6,Emlyn,UNSA,Asia/Shanghai
imcgibbond7,Illa,UNSA,Asia/Jakarta
mhallettd8,Marinna,UNSA,Asia/Jakarta
bjaulmesd9,Bertie,UNSA,Indian/Mayotte
ldurdleda,Lonna,UNSA,America/Tegucigalpa
hdochertydb,Hubey,UNSA,Europe/Belgrade
vmackdc,Vincenty,UNSA,Asia/Chongqing
nessebydd,Nevile,UNSA,America/Havana
hodade,Honey,UNSA,Africa/Abidjan
ebirkdf,Ediva,UNSA,Europe/Uzhgorod
cloddydg,Craggy,UNSA,Europe/Lisbon
aswatridgedh,Amanda,UNSA,America/Chicago
edenizetdi,Efren,UNSA,America/Sao_Paulo
cvanmerwedj,Carline,UNSA,Africa/Dar_es_Salaam
vtommeidk,Valle,UNSA,Asia/Tokyo
ejeffsdl,Ernesto,UNSA,America/Phoenix
mboatwrightdm,Margalo,UNSA,Europe/Skopje
ovarndalldn,Orton,UNSA,Asia/Hebron
mwaleworkedo,Massimiliano,UNSA,Europe/Moscow
rcurledp,Rees,UNSA,Asia/Manila
joscannilldq,Jess,UNSA,America/Belem
bcurbishleydr,Bette-ann,UNSA,Asia/Harbin
mgajownikds,Munmro,UNSA,Asia/Yekaterinburg
graggdt,Guinevere,UNSA,Africa/Banjul
fklaisdu,Field,UNSA,Europe/Helsinki
gtansliedv,Ginni,UNSA,Europe/Helsinki
dklammandw,Darcee,UNSA,Asia/Manila
mrecherdx,Malina,UNSA,Europe/Moscow
uyukhnindy,Uriah,UNSA,Europe/Minsk
zabelladz,Zebulon,UNSA,Europe/Riga
celegoode0,Courtnay,UNSA,Asia/Baku
fboldisone1,Fedora,UNSA,Asia/Chongqing
rstitte2,Reagan,UNSA,Europe/Moscow
cpiccarde3,Consalve,UNSA,Europe/Moscow
smattone4,Steffen,UNSA,Europe/Lisbon
kburdgee5,Keriann,UNSA,Europe/Moscow
vkimblee6,Vi,UNSA,Asia/Jakarta
kivane7,Kaylyn,UNSA,Asia/Jakarta
wfittone8,Wynn,UNSA,Asia/Omsk
mchatte9,Mavis,UNSA,Europe/Stockholm
pyaxleyea,Pamelina,UNSA,Asia/Manila
jbanthameb,Jerry,UNSA,Africa/Mogadishu
vbewleyec,Vittoria,UNSA,Europe/Paris
mdonalsoned,Myrta,UNSA,Europe/Bratislava
sitzchakyee,Stella,UNSA,Europe/Madrid
emellowsef,Ellswerth,UNSA,Europe/Moscow
cpylkynytoneg,Claiborn,UNSA,America/Havana
lconanteh,Leif,UNSA,Europe/Oslo
ecrosettoei,Elsworth,UNSA,Europe/Athens
ddoorbarej,Di,UNSA,Asia/Manila
omacanelleyek,Olenka,UNSA,Asia/Shanghai
dkestonel,Deana,UNSA,Europe/Skopje
ksembleem,Konrad,UNSA,Asia/Makassar
nflandersen,Nicola,UNSA,Europe/Prague
bschutteo,Bondon,UNSA,Asia/Almaty
sofalloneep,Saunderson,UNSA,Europe/Sarajevo
wkrolmaneq,Waneta,UNSA,Asia/Makassar
acapeliner,Aloise,UNSA,Pacific/Auckland
aelmeses,Arlan,UNSA,Europe/Paris
ddevitaet,Desi,UNSA,America/Sao_Paulo
sclueloweu,Stefa,UNSA,Europe/Lisbon
cklimkeev,Christina,UNSA,Asia/Shanghai
ikopacekew,Iggy,UNSA,Asia/Manila
kjaquinex,Koral,UNSA,Europe/Dublin
wgrogey,Wilow,UNSA,Asia/Rangoon
mhysomez,Marie,UNSA,America/Sao_Paulo
pjaggarf0,Pernell,UNSA,Asia/Harbin
crickertf1,Carmelita,UNSA,Asia/Chongqing
bprobetf2,Barr,UNSA,Europe/Moscow
ebembriggf3,Elladine,UNSA,Asia/Jakarta
croomsf4,Carey,UNSA,Africa/Cairo
blomaxf5,Boigie,UNSA,America/Barbados
dfilshinf6,Darelle,UNSA,America/Sao_Paulo
bpietrowskif7,Brendon,UNSA,Europe/Lisbon
smckeurtanf8,Sven,UNSA,Asia/Jakarta
ebeardf9,Edythe,UNSA,Asia/Tokyo
opinnijarfa,Ogdon,UNSA,Europe/Paris
gbraunstonfb,Gabie,UNSA,Asia/Jakarta
fkidmanfc,Frasco,UNSA,Asia/Chongqing
dklimusfd,Dorotea,UNSA,Europe/Warsaw
rhallihanfe,Roxine,UNSA,America/Chicago
mperryff,Moll,UNSA,Europe/Paris
llaurensonfg,Linea,UNSA,Asia/Makassar
abunchfh,Aurelea,UNSA,Asia/Manila
taikmanfi,Tremain,UNSA,Asia/Chongqing
rchaddfj,Reggi,UNSA,America/Bogota
bfergysonfk,Banky,UNSA,Asia/Shanghai
kattofl,Kennie,UNSA,Asia/Makassar
iwhiscardfm,Ivette,UNSA,Europe/Moscow
yfranssonfn,Yorgos,UNSA,Europe/Lisbon
jonraetfo,Jasun,UNSA,Asia/Chongqing
lcraiggfp,Lilith,UNSA,America/Guatemala
aorridgefq,Alric,UNSA,America/Lima
cyallopfr,Cherie,UNSA,America/Havana
kcauleyfs,Kristofor,UNSA,Asia/Chongqing
abootesft,Aguste,UNSA,America/Sao_Paulo
pboffeyfu,Patrizio,UNSA,Asia/Manila
jedmandfv,Joelle,UNSA,Asia/Shanghai
ipendleburyfw,Ingram,UNSA,Europe/Stockholm
erozzierfx,Even,UNSA,Europe/Moscow
jleahyfy,Jill,UNSA,Asia/Vladivostok
evansalzbergerfz,Elbertina,UNSA,Asia/Kamchatka
tbrislaneg0,Terri,UNSA,Europe/Lisbon
wcecilg1,Wanids,UNSA,Asia/Chongqing
lscraneyg2,Luce,UNSA,Indian/Mahe
cbeattyg3,Currie,UNSA,America/Argentina/Catamarca
dattewillg4,Dedra,UNSA,Europe/Helsinki
ngamilg5,Natalie,UNSA,Europe/Athens
bcashmoreg6,Boyce,UNSA,Europe/Lisbon
chearnamang7,Carmencita,UNSA,America/Asuncion
mkinnearg8,Madison,UNSA,Pacific/Pohnpei
dchoulertong9,Doretta,UNSA,Asia/Jakarta
ttrotmanga,Tracie,UNSA,Asia/Makassar
idullaghangb,Irwin,UNSA,Europe/Copenhagen
jslessergc,Joleen,UNSA,Europe/Lisbon
sbouldengd,Saundra,UNSA,America/Vancouver
fenrdigoge,Francklin,UNSA,Europe/Athens
lvannonigf,Ladonna,UNSA,Asia/Makassar
ndinnegesgg,Nata,UNSA,Asia/Pontianak
lapdellgh,Lenci,UNSA,America/Bogota
dwhitinggi,Davis,UNSA,Africa/Abidjan
mmawnegj,Morrie,UNSA,America/Vancouver
bbayleygk,Broderic,UNSA,Europe/Lisbon
beymorgl,Beverie,UNSA,America/Asuncion
efulstowgm,Ewell,UNSA,America/Havana
gterngn,Gearalt,UNSA,Asia/Chongqing
zthiesego,Zedekiah,UNSA,Europe/Skopje
jjacklingsgp,Jelene,UNSA,Africa/Addis_Ababa
csnewingq,Cory,UNSA,Europe/Zurich
agateleygr,Auberon,UNSA,Africa/Accra
tmendelgs,Torrin,UNSA,America/Bogota
bdochartygt,Benedetto,UNSA,Asia/Manila
vnajaragu,Vikky,UNSA,Asia/Pontianak
jlamdengv,Justino,UNSA,Asia/Jakarta
mkewardgw,Morena,UNSA,America/Sao_Paulo
hmcarthurgx,Harmonia,UNSA,Asia/Omsk
hpetrosiangy,Harlie,UNSA,America/Los_Angeles
bcouronnegz,Bertina,UNSA,Asia/Bangkok
emulderrigh0,Edlin,UNSA,Asia/Bishkek
rsendleyh1,Randi,UNSA,Asia/Kuala_Lumpur
cdymenth2,Chris,UNSA,America/Sao_Paulo
vkingcotth3,Val,UNSA,Asia/Chongqing
mdolohuntyh4,Merle,UNSA,Asia/Jakarta
lcareh5,Leshia,UNSA,Asia/Kuching
sdaidh6,Shannon,UNSA,Asia/Aden
flekeuxh7,Franchot,UNSA,Europe/Lisbon
freglarh8,Felecia,UNSA,America/Costa_Rica
rcarnowh9,Rog,UNSA,Asia/Tehran
oscoggansha,Olimpia,UNSA,Europe/Sofia
dtaithb,Darya,UNSA,Asia/Karachi
tmcauliffehc,Tuckie,UNSA,Asia/Tashkent
ajacobovitchhd,Alejandro,UNSA,Asia/Shanghai
lbrillhe,Lovell,UNSA,America/Bogota
mgirardezhf,Marve,UNSA,Asia/Manila
rokeenanhg,Rosalind,UNSA,Asia/Chongqing
jkemethh,Josh,UNSA,Europe/Paris
tbridywaterhi,Theresina,UNSA,Asia/Chongqing
waudenishj,Wren,UNSA,Asia/Manila
fsidwellhk,Farris,UNSA,America/Argentina/Buenos_Aires
dmccallumhl,Domingo,UNSA,Europe/Paris
kryburnhm,Kaylil,UNSA,Asia/Chongqing
mbastinhn,Marney,UNSA,Europe/Stockholm
sdranfieldho,Selig,UNSA,Europe/Warsaw
egeesonhp,Ericha,UNSA,Europe/Prague
abinerhq,Avictor,UNSA,Europe/Oslo
mhuchothr,Moe,UNSA,Africa/Cairo
hpaolottohs,Hanni,UNSA,Europe/Uzhgorod
rmewisht,Reine,UNSA,Asia/Tokyo
ccadehu,Clay,UNSA,America/Vancouver
nwaddingtonhv,Nerty,UNSA,America/Tegucigalpa
mdrieuhw,Mackenzie,UNSA,Asia/Krasnoyarsk
lohernhx,Loella,UNSA,Asia/Jakarta
ddelhantyhy,Dilan,UNSA,Europe/Athens
larterhz,Lissa,UNSA,Asia/Jakarta
egravelli0,Eugen,UNSA,Asia/Jakarta
gvanhaulti1,Gabriell,UNSA,Europe/Paris
ogeevesi2,Othello,UNSA,Europe/Stockholm
lspurrieri3,Leodora,UNSA,Asia/Ho_Chi_Minh
ldimnagei4,Livvyy,UNSA,Europe/Minsk
sivanichevi5,Sophi,UNSA,Asia/Ho_Chi_Minh
ecrombi6,Enrico,UNSA,Europe/Paris
hstanistreeti7,Hammad,UNSA,Europe/Moscow
cjakuszewskii8,Ciro,UNSA,Europe/Lisbon
dyoueli9,Danya,UNSA,Asia/Jakarta
cjeenesia,Clarke,UNSA,Asia/Shanghai
cburnerib,Con,UNSA,Europe/Warsaw
mleadbitteric,Morgun,UNSA,Europe/Zaporozhye
fpletid,Ferdy,UNSA,America/Sao_Paulo
ashrimplingie,Annabela,UNSA,Indian/Maldives
wderxif,Wandis,UNSA,Asia/Bangkok
jmortellig,Jerry,UNSA,Asia/Shanghai
nradborneih,Nial,UNSA,Asia/Jakarta
asanfordii,Agathe,UNSA,Asia/Yekaterinburg
nsaywardij,Normy,UNSA,America/Asuncion
mbaszniakik,Maure,UNSA,Asia/Yerevan
sbrettil,Susanetta,UNSA,Europe/Skopje
sfollinim,Silvia,UNSA,Asia/Harbin
jquinionin,Jerrold,UNSA,Africa/Cairo
amcmychemio,Anestassia,UNSA,Asia/Vientiane
ivollethip,Issie,UNSA,Europe/Brussels
rbrackenridgeiq,Rochella,UNSA,Africa/Johannesburg
elehuquetir,Evelyn,UNSA,Europe/Dublin
jhutchinsis,Jaimie,UNSA,Asia/Makassar
cgorgenit,Cammy,UNSA,Europe/Volgograd
awrateiu,Adolphe,UNSA,America/New_York
afairnieiv,Audy,UNSA,Europe/Moscow
ahavickiw,Adey,UNSA,America/Lima
smelmoreix,Stephanie,UNSA,Asia/Jakarta
mfluxiy,Maurits,UNSA,Asia/Tokyo
eburselliz,Emelia,UNSA,Asia/Manila
emosedallj0,Etheline,UNSA,Asia/Jakarta
bravenshearj1,Bernhard,UNSA,Asia/Chongqing
sgorckej2,Selinda,UNSA,Asia/Tokyo
rwilkersonj3,Rustin,UNSA,Asia/Manila
rwhithamj4,Rozalie,UNSA,Europe/Moscow
aeydelj5,Addi,UNSA,Africa/Porto-Novo
idurtnalj6,Isadora,UNSA,Europe/Stockholm
zblenkharnj7,Zelig,UNSA,Asia/Chongqing
akirkamj8,Arny,UNSA,Indian/Antananarivo
dplaxtonj9,Douglas,UNSA,Europe/Moscow
kbrideokeja,Kandy,UNSA,America/Los_Angeles
rlegertonjb,Roxi,UNSA,Africa/Douala
aderycotjc,Adlai,UNSA,Europe/Moscow
kinsolljd,Kalvin,UNSA,Asia/Jakarta
ocolcombje,Olivia,UNSA,Europe/Athens
nfayterjf,Naomi,UNSA,Pacific/Palau
mgaggenjg,Melisandra,UNSA,America/Fortaleza
eklichejh,Eduino,UNSA,America/Argentina/Buenos_Aires
lsaundercockji,Lissie,UNSA,Europe/Lisbon
massantejj,Merralee,UNSA,Asia/Harbin
jduleyjk,Jo,UNSA,America/Lima
spettipherjl,Salomone,UNSA,Europe/Warsaw
amccunnjm,Amelina,UNSA,Pacific/Auckland
swhybrayjn,Shannan,UNSA,Asia/Seoul
agrishinovjo,Alejandro,UNSA,Asia/Chongqing
mvivyanjp,Maddi,UNSA,Europe/Lisbon
ababonaujq,Alexandros,UNSA,Asia/Jakarta
idearingjr,Israel,UNSA,America/Lima
nallinsonjs,Nigel,UNSA,Europe/Moscow
jkapelhoffjt,Jinny,UNSA,Asia/Jakarta
bharlettju,Bobette,UNSA,Europe/Prague
gsaurjv,Geoffry,UNSA,Asia/Makassar
kdallanderjw,Katey,UNSA,Africa/Khartoum
dpaulmannjx,Dinnie,UNSA,Asia/Almaty
gcausonjy,Griffy,UNSA,Asia/Shanghai
dklauberjz,Domini,UNSA,Asia/Makassar
splowellk0,Sharon,UNSA,Europe/Prague
rsmalesk1,Ray,UNSA,Asia/Makassar
bomullallyk2,Butch,UNSA,Asia/Shanghai
tfawbertk3,Tersina,UNSA,Asia/Jakarta
sszachk4,Saba,UNSA,Asia/Manila
ewitherdonk5,Erick,UNSA,Asia/Shanghai
ddonatk6,Davy,UNSA,Asia/Chongqing
mkernleyk7,Muhammad,UNSA,America/Tegucigalpa
jmcdavittk8,Johannes,UNSA,Asia/Aden
mgermank9,Mathew,UNSA,Asia/Kuala_Lumpur
mseyffertka,Moritz,UNSA,Europe/Lisbon
vallansonkb,Vittorio,UNSA,Europe/Uzhgorod
swarrackkc,Sue,UNSA,Europe/Kiev
kstrottonkd,Kevon,UNSA,America/Lima
bcarlinke,Barnabas,UNSA,Asia/Riyadh
rpenquetkf,Rufus,UNSA,Europe/Moscow
fnussiikg,Flint,UNSA,Asia/Bangkok
amacfaellkh,Alie,UNSA,Asia/Manila
sosculleyki,Stirling,UNSA,Europe/Stockholm
jcornfordkj,Jeno,UNSA,Asia/Tokyo
vbriddenkk,Vita,UNSA,Asia/Chongqing
rmarcokl,Rickey,UNSA,Europe/Belgrade
gledgleykm,Grace,UNSA,Africa/Lagos
cmckellerkn,Cozmo,UNSA,Asia/Jakarta
tvanveldeko,Tully,UNSA,Asia/Bangkok
vlammingkp,Van,UNSA,America/Guayaquil
bgoodhaykq,Berton,UNSA,Asia/Yekaterinburg
tmcmanamankr,Tierney,UNSA,Asia/Makassar
nstickellsks,Neville,UNSA,Asia/Jerusalem
npietronkt,Ninette,UNSA,Europe/Samara
cgoslinku,Christian,UNSA,Europe/Paris
acausierkv,Aggie,UNSA,Europe/Skopje
amacadamkw,Arielle,UNSA,Europe/Bucharest
cmcbrydekx,Cyrill,UNSA,Asia/Karachi
dwilliamsonky,Derek,UNSA,Asia/Makassar
cockendenkz,Coleen,UNSA,America/Bogota
btembridgel0,Bret,UNSA,Asia/Chongqing
telldredl1,Thoma,UNSA,Africa/Dar_es_Salaam
bcattonl2,Barbara-anne,UNSA,Asia/Makassar
hbriersl3,Hughie,UNSA,America/Sao_Paulo
eamericil4,Elvera,UNSA,Asia/Nicosia
ibloorel5,Iago,UNSA,America/Bogota
blitell6,Burnard,UNSA,Europe/Warsaw
vsagersonl7,Val,UNSA,Asia/Dushanbe
jeickl8,Jenna,UNSA,America/Panama
apairpointl9,Ansel,UNSA,Asia/Manila
cbassinghamla,Cherise,UNSA,Asia/Jakarta
lcuniamlb,Luis,UNSA,America/Argentina/Cordoba
cstarkielc,Christi,UNSA,Europe/Paris
kmarchamld,Kain,UNSA,Europe/Paris
sgarthsidele,Sibella,UNSA,Asia/Chongqing
blindwalllf,Betteanne,UNSA,Asia/Makassar
bhankardlg,Base,UNSA,Asia/Chongqing
igentirylh,Ingamar,UNSA,Asia/Shanghai
ryeolandli,Rafaellle,UNSA,Europe/Minsk
rpatonlj,Rhoda,UNSA,America/Lima
waymericlk,Warden,UNSA,America/Edmonton
gwarmanll,Gayla,UNSA,Asia/Manila
ccalendarlm,Cammy,UNSA,America/Sao_Paulo
epearsonln,Elianora,UNSA,Asia/Ashgabat
mfeldhuhnlo,Marla,UNSA,Asia/Harbin
emeffenlp,Evelina,UNSA,Africa/Dar_es_Salaam
hogavinlq,Heriberto,UNSA,Europe/Paris
bcoppeardlr,Barnett,UNSA,Asia/Harbin
ssiegertszls,Sheryl,UNSA,Asia/Shanghai
scargenlt,Sibella,UNSA,America/New_York
ghassardlu,Gerry,UNSA,Asia/Manila
arallinglv,Alice,UNSA,Europe/Tirane
ysandelslw,Yardley,UNSA,Asia/Vladivostok
lstoecklelx,Lauraine,UNSA,Europe/Lisbon
rwharmbyly,Ronni,UNSA,Asia/Kabul
ewebberleylz,Englebert,UNSA,America/Santo_Domingo
hsimkom0,Haskel,UNSA,Asia/Shanghai
wpozerm1,Waneta,UNSA,Asia/Riyadh
rritmeyerm2,Rutger,UNSA,Europe/Paris
kvakhlovm3,Korry,UNSA,Asia/Chongqing
wstrawbridgem4,Walker,UNSA,Asia/Yakutsk
lgouldstrawm5,Lonnard,UNSA,Asia/Shanghai
habendrothm6,Hallie,UNSA,Asia/Pontianak
aboylem7,Amalea,UNSA,Asia/Harbin
lpeviem8,Lucilia,UNSA,Pacific/Tarawa
dhuxsterm9,Dalston,UNSA,Europe/Lisbon
bblazejewskima,Boycie,UNSA,America/Recife
edevriesmb,Ewen,UNSA,Asia/Shanghai
cguernermc,Curt,UNSA,Asia/Yekaterinburg
bcattermullmd,Bianka,UNSA,Europe/Dublin
mtolputtme,Marcile,UNSA,Africa/Johannesburg
ebroadermf,Esme,UNSA,America/Panama
ttookillmg,Terrel,UNSA,Europe/Paris
hmilsonmh,Hirsch,UNSA,Asia/Harbin
tilsonmi,Tim,UNSA,Asia/Shanghai
mlesurfmj,Matthus,UNSA,Asia/Jerusalem
bjenteaumk,Borg,UNSA,America/New_York
tgheorghieml,Tiffanie,UNSA,America/New_York
agogganmm,Ailey,UNSA,Asia/Chongqing
mferencemn,Max,UNSA,Asia/Shanghai
gperaccomo,Ginni,UNSA,Asia/Chongqing
cbeckhammp,Cinda,UNSA,Asia/Shanghai
aoronanmq,Ariela,UNSA,Europe/Lisbon
ilangridgemr,Ilyssa,UNSA,Asia/Kuala_Lumpur
jbillingms,Jo,UNSA,Asia/Chongqing
ylongbottommt,Yolanthe,UNSA,America/Monterrey
tgierckmu,Thomas,UNSA,America/Mexico_City
atreugemv,Arnuad,UNSA,Asia/Shanghai
millingworthmw,Minerva,UNSA,Europe/Athens
mbeedellmx,Margit,UNSA,Asia/Ho_Chi_Minh
janningmy,Jordain,UNSA,Europe/Dublin
bmathwinmz,Brander,UNSA,Asia/Manila
jfarndelln0,Jayme,UNSA,Asia/Chongqing
rhemeretn1,Rafaellle,UNSA,Asia/Jakarta
screddonn2,Sol,UNSA,Asia/Almaty
asimonen3,Alys,UNSA,Europe/Zagreb
teadmeadsn4,Tarah,UNSA,Asia/Shanghai
grobbn5,Garth,UNSA,Asia/Tehran
mickn6,Minette,UNSA,Asia/Bangkok
oflanagann7,Oswell,UNSA,Asia/Jakarta
otroyn8,Orv,UNSA,Asia/Jakarta
rcollinetten9,Rivy,UNSA,Asia/Shanghai
dkinsonna,Drusilla,UNSA,Asia/Kabul
atankusnb,Arleen,UNSA,Asia/Manila
ameeginnc,Anatol,UNSA,Europe/Prague
sglazebrooknd,Standford,UNSA,Africa/Dar_es_Salaam
bpietne,Brianna,UNSA,Europe/Moscow
bferresnf,Bink,UNSA,Asia/Jerusalem
asnodingng,Angel,UNSA,Asia/Manila
kbaccupnh,Kelli,UNSA,Asia/Chongqing
gbrentni,Giana,UNSA,Asia/Ulaanbaatar
dcrebbinnj,Douglas,UNSA,Africa/Lagos
wdovinsonnk,Weider,UNSA,Asia/Kashgar
astourtonnl,Abigale,UNSA,America/Toronto
aruprichnm,Anthea,UNSA,Europe/Samara
mcarleynn,Mandie,UNSA,America/Caracas
hnelleno,Hyman,UNSA,Asia/Chongqing
acrossgrovenp,Alberik,UNSA,Asia/Harbin
tbalduccinq,Teressa,UNSA,Asia/Chongqing
tbagshawenr,Tessy,UNSA,America/Montevideo
bcarollns,Berta,UNSA,Africa/Douala
brankcomnt,Bernie,UNSA,Asia/Chongqing
lyouelnu,Lowrance,UNSA,Asia/Omsk
ademullettnv,Abrahan,UNSA,Asia/Shanghai
hkibblewhitenw,Herschel,UNSA,Europe/Stockholm
clunknx,Cobbie,UNSA,Europe/Moscow
hbaldickny,Hamilton,UNSA,Asia/Phnom_Penh
vdraysaynz,Virginie,UNSA,Asia/Yekaterinburg
rmiello0,Reta,UNSA,Asia/Shanghai
acappero1,Alan,UNSA,Asia/Makassar
jfosdicko2,Jayme,UNSA,America/Sao_Paulo
alabbao3,Aldrich,UNSA,America/New_York
hmostino4,Honey,UNSA,Asia/Samarkand
dveaseyo5,Dolores,UNSA,Asia/Aden
vpiscottio6,Vanessa,UNSA,America/Chicago
rdelatouro7,Richmond,UNSA,Asia/Jakarta
kbesnardo8,Kev,UNSA,Europe/Chisinau
ibransdono9,Ingunna,UNSA,America/Fortaleza
jmanterfieldoa,Jaime,UNSA,America/Sao_Paulo
efacchiniob,Ellie,UNSA,Europe/Prague
gbollandsoc,Gunar,UNSA,Asia/Manila
msnaselod,Megan,UNSA,Asia/Harbin
dmorrowoe,Donnamarie,UNSA,Asia/Manila
lgrumbridgeof,Lea,UNSA,Asia/Manila
gdurganog,George,UNSA,Europe/Warsaw
ldigweedoh,Lowrance,UNSA,Europe/Sarajevo
rforbesoi,Romain,UNSA,Asia/Manila
cdissoj,Cate,UNSA,Europe/Stockholm
aclaveringok,Averill,UNSA,Europe/Paris
anavarreol,Adel,UNSA,Asia/Bangkok
cheaslyom,Cosetta,UNSA,Asia/Tokyo
ymousdallon,Yelena,UNSA,Asia/Chongqing
oianellioo,Omar,UNSA,Asia/Shanghai
agilfoyleop,Alyda,UNSA,Indian/Comoro
ibedbroughoq,Izzy,UNSA,Europe/Vilnius
bmcmyleror,Britta,UNSA,Europe/Zagreb
srothwellos,Sunshine,UNSA,Asia/Tbilisi
mpenrithot,Marthena,UNSA,Europe/Lisbon
csherrou,Charlton,UNSA,Africa/Casablanca
eenokssonov,Etta,UNSA,America/Panama
rsolmanow,Rozelle,UNSA,Asia/Shanghai
kpillox,Kristal,UNSA,Asia/Makassar
bvaladezoy,Basil,UNSA,Asia/Shanghai
dstockingsoz,Doug,UNSA,America/New_York
lrawsenp0,Leigh,UNSA,America/Fortaleza
ftroutbeckp1,Flor,UNSA,America/Sao_Paulo
kemblenp2,Kenyon,UNSA,Asia/Karachi
pkliemchenp3,Perkin,UNSA,Pacific/Palau
giglesiap4,Gerry,UNSA,Asia/Chongqing
mpimerp5,Madalyn,UNSA,America/Panama
ajoseburyp6,Adi,UNSA,Asia/Harbin
dciciottip7,Dukie,UNSA,America/Toronto
rfantonep8,Rosetta,UNSA,Asia/Shanghai
dalejandrop9,Dorine,UNSA,Asia/Manila
mkellettpa,Mahalia,UNSA,America/Mexico_City
gmartynspb,Georgetta,UNSA,Asia/Chongqing
kganleypc,Kelley,UNSA,Europe/Zaporozhye
slarozepd,Sher,UNSA,Europe/Lisbon
cbercherpe,Cacilia,UNSA,America/Sao_Paulo
vrenfreepf,Vevay,UNSA,Asia/Kathmandu
dslatefordpg,Dietrich,UNSA,Europe/Skopje
haickenph,Hussein,UNSA,Asia/Shanghai
sfadellpi,Seka,UNSA,Europe/Chisinau
npickerpj,Nicoli,UNSA,Europe/Oslo
wbarhamspk,Wilton,UNSA,Europe/Moscow
ascandwrightpl,Aeriel,UNSA,Europe/Prague
leallespm,Loralee,UNSA,Europe/Volgograd
wboikpn,Walther,UNSA,Europe/Lisbon
ahutcheonpo,Ariel,UNSA,Asia/Tehran
smolesworthpp,Stefanie,UNSA,America/Argentina/Cordoba
uattwoullpq,Ulla,UNSA,Europe/Warsaw
vpaulypr,Velvet,UNSA,America/Bogota
drubegaps,Dayna,UNSA,Asia/Manila
lgaddpt,Lynnea,UNSA,Africa/Casablanca
jthreaderpu,Josiah,UNSA,Europe/London
bgouldsmithpv,Bendix,UNSA,Asia/Chongqing
tdacheypw,Tiffanie,UNSA,Asia/Riyadh
lravenshawpx,Lindon,UNSA,Europe/Warsaw
blarmuthpy,Bronny,UNSA,Europe/Uzhgorod
nlembrickpz,Nelle,UNSA,America/Mexico_City
mpointinq0,Micheil,UNSA,Europe/Prague
hcreedq1,Humfried,UNSA,Europe/Helsinki
qveckq2,Quill,UNSA,Europe/Lisbon
lglisaneq3,Letizia,UNSA,Asia/Chongqing
mmckerronq4,Milicent,UNSA,Europe/Moscow
iwillockq5,Ichabod,UNSA,Europe/Vilnius
kjoanicq6,Karena,UNSA,America/Sao_Paulo
lredmoreq7,Lida,UNSA,Asia/Makassar
vhampshawq8,Vida,UNSA,Africa/Dakar
ifoaleq9,Isis,UNSA,Europe/Warsaw
ntrickeyqa,Nat,UNSA,America/Chicago
rroafqb,Rod,UNSA,Asia/Chongqing
nfinnieqc,Nathanial,UNSA,Europe/Kiev
tsteelsqd,Trula,UNSA,Asia/Shanghai
edaftorqe,Evita,UNSA,Europe/Prague
njoiceqf,Nico,UNSA,Europe/Copenhagen
rlemmqg,Rosanna,UNSA,Asia/Omsk
blansberryqh,Butch,UNSA,Europe/Lisbon
ribertqi,Rosie,UNSA,Asia/Shanghai
bfisherqj,Bonita,UNSA,America/Bahia
ncragellqk,Neddy,UNSA,Asia/Jakarta
ahechlinql,Avery,UNSA,Asia/Jakarta
jokenfoldqm,Julie,UNSA,Europe/Warsaw
sgartshoreqn,Son,UNSA,Asia/Shanghai
craysdaleqo,Cory,UNSA,America/Lima
emuffinqp,Else,UNSA,Asia/Shanghai
tchominskiqq,Terrye,UNSA,Asia/Chongqing
blehucquetqr,Bay,UNSA,America/Sao_Paulo
adellenbrokqs,Alysia,UNSA,Asia/Jakarta
slangstaffqt,Steven,UNSA,Asia/Chongqing
kgombyqu,Kara,UNSA,America/Sao_Paulo
bbartoliniqv,Basia,UNSA,Asia/Jakarta
ktordiffeqw,Kathleen,UNSA,Asia/Chongqing
roquirkqx,Rossy,UNSA,Asia/Ho_Chi_Minh
mmendesqy,Mollee,UNSA,Asia/Shanghai
ebrindqz,Elbert,UNSA,Asia/Chongqing
otaylersonr0,Otho,UNSA,America/Sao_Paulo
cleggsr1,Caprice,UNSA,Asia/Jakarta
ebriattr2,Edlin,UNSA,Asia/Chongqing
mthomasenr3,Maura,UNSA,Asia/Kuala_Lumpur
lgoodbodyr4,Leanora,UNSA,Europe/Lisbon
adalemanr5,Arlee,UNSA,Asia/Harbin
escowcroftr6,Elbertine,UNSA,Europe/Warsaw
mcamfieldr7,Meade,UNSA,Europe/Moscow
ptreendr8,Pansy,UNSA,Asia/Aden
ccransonr9,Carmelita,UNSA,Europe/Belgrade
nrodingerra,Natal,UNSA,Europe/Warsaw
jdeavenellrb,Jacquelyn,UNSA,Asia/Bangkok
jsprucerc,Jerry,UNSA,Europe/Lisbon
csmallpeicerd,Cam,UNSA,America/Chicago
mfuzzeyre,Martino,UNSA,Europe/Prague
sjancicrf,Shermie,UNSA,Europe/Moscow
rboordrg,Ruttger,UNSA,Asia/Manila
breyesrh,Bennie,UNSA,Asia/Tokyo
gkorpalri,George,UNSA,Asia/Manila
tlongmeadrj,Tobi,UNSA,Asia/Shanghai
aboylundrk,Alma,UNSA,Asia/Jakarta
yswiftrl,Yoshi,UNSA,Asia/Jakarta
buppettrm,Belle,UNSA,Europe/Moscow
dwortsrn,Devlin,UNSA,Europe/Warsaw
mortellsro,Mickie,UNSA,Europe/Zagreb
lzellickrp,Lane,UNSA,Europe/Moscow
gmandifieldrq,Giulietta,UNSA,Europe/Moscow
swonfarrr,Sari,UNSA,Asia/Shanghai
