courseId,email
cvaldivialu.uns-demo,vmadrell0@unesco.org
cvaldivialu.uns-demo,wrosenblum1@goo.ne.jp
cvaldivialu.uns-demo,msiely2@webs.com
cvaldivialu.uns-demo,sfronsek3@uiuc.edu
cvaldivialu.uns-demo,mbrok4@wikia.com
cvaldivialu.uns-demo,rlamba5@sbwire.com
cvaldivialu.uns-demo,tkernocke6@furl.net
cvaldivialu.uns-demo,mastman7@wsj.com
cvaldivialu.uns-demo,cscown8@phoca.cz
cvaldivialu.uns-demo,askippings9@jigsy.com
cvaldivialu.uns-demo,mcussinsa@blogger.com
cvaldivialu.uns-demo,wkellewayb@xing.com
cvaldivialu.uns-demo,tdric@purevolume.com
cvaldivialu.uns-demo,cifflandd@google.co.uk
cvaldivialu.uns-demo,lkempe@google.cn
cvaldivialu.uns-demo,atuplinf@prweb.com
cvaldivialu.uns-demo,tcarayolg@edublogs.org
cvaldivialu.uns-demo,bbingellh@ucla.edu
cvaldivialu.uns-demo,aarchbaldi@abc.net.au
cvaldivialu.uns-demo,alifej@ebay.co.uk
cvaldivialu.uns-demo,gormank@ovh.net
cvaldivialu.uns-demo,cpoulglaisl@studiopress.com
cvaldivialu.uns-demo,mhryniewickim@psu.edu
cvaldivialu.uns-demo,iroskellyn@ning.com
cvaldivialu.uns-demo,amcmenamino@marketwatch.com
cvaldivialu.uns-demo,civashkinp@howstuffworks.com
cvaldivialu.uns-demo,noliverpaullq@clickbank.net
cvaldivialu.uns-demo,smertschingr@zimbio.com
cvaldivialu.uns-demo,svidos@themeforest.net
cvaldivialu.uns-demo,ttryet@hexun.com
cvaldivialu.uns-demo,bayliffeu@hud.gov
cvaldivialu.uns-demo,amcelvinev@pcworld.com
cvaldivialu.uns-demo,hpetticreww@mit.edu
cvaldivialu.uns-demo,mboalx@redcross.org
cvaldivialu.uns-demo,ppfaffely@japanpost.jp
cvaldivialu.uns-demo,orayntonz@ehow.com
cvaldivialu.uns-demo,mjouannin10@vkontakte.ru
cvaldivialu.uns-demo,lcorney11@digg.com
cvaldivialu.uns-demo,imingardi12@google.es
cvaldivialu.uns-demo,scotman13@nasa.gov
cvaldivialu.uns-demo,cwardel14@dyndns.org
cvaldivialu.uns-demo,amote15@nationalgeographic.com
cvaldivialu.uns-demo,cresun16@amazon.com
cvaldivialu.uns-demo,knixon17@army.mil
cvaldivialu.uns-demo,ljeyes18@dedecms.com
cvaldivialu.uns-demo,bcrispe19@blogtalkradio.com
cvaldivialu.uns-demo,fmcilhatton1a@ed.gov
cvaldivialu.uns-demo,ubradnam1b@redcross.org
cvaldivialu.uns-demo,nholligan1c@woothemes.com
cvaldivialu.uns-demo,upuve1d@epa.gov
cvaldivialu.uns-demo,rslessor1e@amazon.co.jp
cvaldivialu.uns-demo,ftutchings1f@deliciousdays.com
cvaldivialu.uns-demo,mbrisseau1g@bbb.org
cvaldivialu.uns-demo,kchartman1h@wisc.edu
cvaldivialu.uns-demo,nfasset1i@alibaba.com
cvaldivialu.uns-demo,dmcnern1j@ebay.co.uk
cvaldivialu.uns-demo,tkerwin1k@boston.com
cvaldivialu.uns-demo,wsimonds1l@dailymotion.com
cvaldivialu.uns-demo,aramme1m@istockphoto.com
cvaldivialu.uns-demo,efindlay1n@etsy.com
cvaldivialu.uns-demo,tkenaway1o@amazon.com
cvaldivialu.uns-demo,mschubert1p@delicious.com
cvaldivialu.uns-demo,cblackly1q@google.fr
cvaldivialu.uns-demo,qhumpherson1r@goo.ne.jp
cvaldivialu.uns-demo,aemerton1s@eepurl.com
cvaldivialu.uns-demo,dmethuen1t@baidu.com
cvaldivialu.uns-demo,mrowan1u@creativecommons.org
cvaldivialu.uns-demo,kkinnon1v@joomla.org
cvaldivialu.uns-demo,dnanni1w@cnn.com
cvaldivialu.uns-demo,upaggitt1x@devhub.com
cvaldivialu.uns-demo,kbrolechan1y@house.gov
cvaldivialu.uns-demo,kcundey1z@comcast.net
cvaldivialu.uns-demo,lsweetenham20@homestead.com
cvaldivialu.uns-demo,bdalla21@xinhuanet.com
cvaldivialu.uns-demo,nromushkin22@cnn.com
cvaldivialu.uns-demo,fcarlo23@japanpost.jp
cvaldivialu.uns-demo,gstrattan24@paginegialle.it
cvaldivialu.uns-demo,npetris25@skype.com
cvaldivialu.uns-demo,vvise26@php.net
cvaldivialu.uns-demo,lnurdin27@sbwire.com
cvaldivialu.uns-demo,welson28@google.de
cvaldivialu.uns-demo,cchittleburgh29@macromedia.com
cvaldivialu.uns-demo,ademcik2a@senate.gov
cvaldivialu.uns-demo,mbernucci2b@newsvine.com
cvaldivialu.uns-demo,pmackain2c@meetup.com
cvaldivialu.uns-demo,bpopworth2d@smugmug.com
cvaldivialu.uns-demo,cdebruijne2e@com.com
cvaldivialu.uns-demo,ttremblet2f@deliciousdays.com
cvaldivialu.uns-demo,rarnison2g@bravesites.com
cvaldivialu.uns-demo,fboylan2h@mtv.com
cvaldivialu.uns-demo,bmewis2i@example.com
cvaldivialu.uns-demo,rmaryon2j@simplemachines.org
cvaldivialu.uns-demo,slamminam2k@soundcloud.com
cvaldivialu.uns-demo,jthwaite2l@tripod.com
cvaldivialu.uns-demo,ssharnock2m@phpbb.com
cvaldivialu.uns-demo,sadhams2n@dyndns.org
cvaldivialu.uns-demo,vgladwell2o@domainmarket.com
cvaldivialu.uns-demo,mlinne2p@is.gd
cvaldivialu.uns-demo,hfausch2q@desdev.cn
cvaldivialu.uns-demo,btrowill2r@elpais.com
cvaldivialu.uns-demo,ephilippsohn2s@arizona.edu
cvaldivialu.uns-demo,mgraeme2t@europa.eu
cvaldivialu.uns-demo,eeccleston2u@amazon.de
cvaldivialu.uns-demo,aduncklee2v@theglobeandmail.com
cvaldivialu.uns-demo,skimblen2w@boston.com
cvaldivialu.uns-demo,cnoen2x@reverbnation.com
cvaldivialu.uns-demo,mgyngell2y@amazonaws.com
cvaldivialu.uns-demo,jdurie2z@squidoo.com
cvaldivialu.uns-demo,mquincey30@macromedia.com
cvaldivialu.uns-demo,cbrosi31@mayoclinic.com
cvaldivialu.uns-demo,rarnoult32@pagesperso-orange.fr
cvaldivialu.uns-demo,nlidbetter33@pagesperso-orange.fr
cvaldivialu.uns-demo,tmarkson34@berkeley.edu
cvaldivialu.uns-demo,lgave35@ask.com
cvaldivialu.uns-demo,rfaircliffe36@sfgate.com
cvaldivialu.uns-demo,pcarrick37@shareasale.com
cvaldivialu.uns-demo,evevers38@blogspot.com
cvaldivialu.uns-demo,umatskevich39@fc2.com
cvaldivialu.uns-demo,kvidyapin3a@simplemachines.org
cvaldivialu.uns-demo,jbeeston3b@patch.com
cvaldivialu.uns-demo,rpresman3c@paginegialle.it
cvaldivialu.uns-demo,wheber3d@cyberchimps.com
cvaldivialu.uns-demo,mraleston3e@theglobeandmail.com
cvaldivialu.uns-demo,bdoudney3f@taobao.com
cvaldivialu.uns-demo,fmercy3g@phpbb.com
cvaldivialu.uns-demo,emartinho3h@merriam-webster.com
cvaldivialu.uns-demo,jgumly3i@canalblog.com
cvaldivialu.uns-demo,ahawkshaw3j@opensource.org
cvaldivialu.uns-demo,wmaccallum3k@technorati.com
cvaldivialu.uns-demo,eavrahamy3l@4shared.com
cvaldivialu.uns-demo,asilwood3m@indiegogo.com
cvaldivialu.uns-demo,okillelay3n@thetimes.co.uk
cvaldivialu.uns-demo,dshutt3o@buzzfeed.com
cvaldivialu.uns-demo,gandrea3p@whitehouse.gov
cvaldivialu.uns-demo,aselborne3q@accuweather.com
cvaldivialu.uns-demo,kdamato3r@canalblog.com
cvaldivialu.uns-demo,jcoucha3s@economist.com
cvaldivialu.uns-demo,npatching3t@kickstarter.com
cvaldivialu.uns-demo,bheape3u@aboutads.info
cvaldivialu.uns-demo,blightbourn3v@google.cn
cvaldivialu.uns-demo,sfarley3w@techcrunch.com
cvaldivialu.uns-demo,ofarrin3x@unc.edu
cvaldivialu.uns-demo,celloit3y@g.co
cvaldivialu.uns-demo,svermer3z@google.com.hk
cvaldivialu.uns-demo,abiaggioli40@wordpress.com
cvaldivialu.uns-demo,gcolmore41@tiny.cc
cvaldivialu.uns-demo,kforgie42@cdc.gov
cvaldivialu.uns-demo,ntokell43@wsj.com
cvaldivialu.uns-demo,mandrault44@shop-pro.jp
cvaldivialu.uns-demo,abrace45@sohu.com
cvaldivialu.uns-demo,ewoolerton46@instagram.com
cvaldivialu.uns-demo,dphilipsson47@fastcompany.com
cvaldivialu.uns-demo,mwayon48@purevolume.com
cvaldivialu.uns-demo,tboarder49@theguardian.com
cvaldivialu.uns-demo,astefanovic4a@webs.com
cvaldivialu.uns-demo,rtwinterman4b@tuttocitta.it
cvaldivialu.uns-demo,rlevens4c@sitemeter.com
cvaldivialu.uns-demo,eyakuntzov4d@marriott.com
cvaldivialu.uns-demo,mtilburn4e@4shared.com
cvaldivialu.uns-demo,lswatridge4f@typepad.com
cvaldivialu.uns-demo,opetrulis4g@miitbeian.gov.cn
cvaldivialu.uns-demo,drosenshine4h@theglobeandmail.com
cvaldivialu.uns-demo,dpashenkov4i@drupal.org
cvaldivialu.uns-demo,cfrye4j@va.gov
cvaldivialu.uns-demo,rmoore4k@networkadvertising.org
cvaldivialu.uns-demo,ldowglass4l@answers.com
cvaldivialu.uns-demo,nmaypole4m@spiegel.de
cvaldivialu.uns-demo,nyuryaev4n@shareasale.com
cvaldivialu.uns-demo,slevins4o@woothemes.com
cvaldivialu.uns-demo,htakkos4p@nps.gov
cvaldivialu.uns-demo,bwank4q@psu.edu
cvaldivialu.uns-demo,ffynan4r@blogs.com
cvaldivialu.uns-demo,dmccard4s@statcounter.com
cvaldivialu.uns-demo,klintot4t@noaa.gov
cvaldivialu.uns-demo,bhudel4u@army.mil
cvaldivialu.uns-demo,fflint4v@cdbaby.com
cvaldivialu.uns-demo,bmeachan4w@dailymail.co.uk
cvaldivialu.uns-demo,ophillipps4x@delicious.com
cvaldivialu.uns-demo,rbarette4y@myspace.com
cvaldivialu.uns-demo,earkle4z@slate.com
cvaldivialu.uns-demo,achattoe50@admin.ch
cvaldivialu.uns-demo,jlaidler51@yolasite.com
cvaldivialu.uns-demo,nofford52@toplist.cz
cvaldivialu.uns-demo,nbusby53@miitbeian.gov.cn
cvaldivialu.uns-demo,acobain54@nifty.com
cvaldivialu.uns-demo,idampney55@cbslocal.com
cvaldivialu.uns-demo,wtemlett56@cbslocal.com
cvaldivialu.uns-demo,gsheard57@livejournal.com
cvaldivialu.uns-demo,pdeverell58@auda.org.au
cvaldivialu.uns-demo,rdenk59@hexun.com
cvaldivialu.uns-demo,psatch5a@sun.com
cvaldivialu.uns-demo,cwoolfoot5b@phoca.cz
cvaldivialu.uns-demo,krajchert5c@parallels.com
cvaldivialu.uns-demo,tmckennan5d@google.es
cvaldivialu.uns-demo,fclougher5e@illinois.edu
cvaldivialu.uns-demo,khiley5f@skyrock.com
cvaldivialu.uns-demo,hkuhnt5g@amazon.co.jp
cvaldivialu.uns-demo,abattershall5h@earthlink.net
cvaldivialu.uns-demo,wkinton5i@hud.gov
cvaldivialu.uns-demo,ftokell5j@unesco.org
cvaldivialu.uns-demo,iostler5k@live.com
cvaldivialu.uns-demo,jredfearn5l@statcounter.com
cvaldivialu.uns-demo,amcconnachie5m@prweb.com
cvaldivialu.uns-demo,arucklidge5n@mysql.com
cvaldivialu.uns-demo,etomsa5o@scribd.com
cvaldivialu.uns-demo,ahabbergham5p@topsy.com
cvaldivialu.uns-demo,mmuffett5q@slate.com
cvaldivialu.uns-demo,teefting5r@ovh.net
cvaldivialu.uns-demo,bbeton5s@bloglovin.com
cvaldivialu.uns-demo,fgherardelli5t@1und1.de
cvaldivialu.uns-demo,sroydon5u@fastcompany.com
cvaldivialu.uns-demo,bcurle5v@phpbb.com
cvaldivialu.uns-demo,pdabbs5w@feedburner.com
cvaldivialu.uns-demo,lnestor5x@mozilla.org
cvaldivialu.uns-demo,varndtsen5y@java.com
cvaldivialu.uns-demo,ptarquinio5z@shop-pro.jp
cvaldivialu.uns-demo,ugoundrill60@wufoo.com
cvaldivialu.uns-demo,mbeevis61@ftc.gov
cvaldivialu.uns-demo,gscoular62@furl.net
cvaldivialu.uns-demo,fabels63@dyndns.org
cvaldivialu.uns-demo,jedgeller64@mozilla.com
cvaldivialu.uns-demo,cpinel65@ovh.net
cvaldivialu.uns-demo,ebaudin66@harvard.edu
cvaldivialu.uns-demo,tallport67@plala.or.jp
cvaldivialu.uns-demo,hmoody68@hostgator.com
cvaldivialu.uns-demo,mgurery69@hud.gov
cvaldivialu.uns-demo,dbrimfield6a@meetup.com
cvaldivialu.uns-demo,cfryer6b@taobao.com
cvaldivialu.uns-demo,fjosofovitz6c@mtv.com
cvaldivialu.uns-demo,cblackett6d@washington.edu
cvaldivialu.uns-demo,kmangeot6e@chronoengine.com
cvaldivialu.uns-demo,asign6f@baidu.com
cvaldivialu.uns-demo,kwalklett6g@symantec.com
cvaldivialu.uns-demo,aleaton6h@clickbank.net
cvaldivialu.uns-demo,alangstaff6i@ca.gov
cvaldivialu.uns-demo,mgrimme6j@gmpg.org
cvaldivialu.uns-demo,pbrentnall6k@chron.com
cvaldivialu.uns-demo,pjolliss6l@sciencedaily.com
cvaldivialu.uns-demo,dkintzel6m@myspace.com
cvaldivialu.uns-demo,hgarroch6n@godaddy.com
cvaldivialu.uns-demo,mmccartney6o@businessinsider.com
cvaldivialu.uns-demo,mborthwick6p@multiply.com
cvaldivialu.uns-demo,wjeves6q@vkontakte.ru
cvaldivialu.uns-demo,tsabey6r@sfgate.com
cvaldivialu.uns-demo,lmcvitie6s@omniture.com
cvaldivialu.uns-demo,flysons6t@japanpost.jp
cvaldivialu.uns-demo,gfoynes6u@china.com.cn
cvaldivialu.uns-demo,ephelps6v@forbes.com
cvaldivialu.uns-demo,btourmell6w@sohu.com
cvaldivialu.uns-demo,schampneys6x@vinaora.com
cvaldivialu.uns-demo,lmeatyard6y@wunderground.com
cvaldivialu.uns-demo,ehassard6z@w3.org
cvaldivialu.uns-demo,dblyde70@opensource.org
cvaldivialu.uns-demo,erout71@biblegateway.com
cvaldivialu.uns-demo,ewinstanley72@google.ca
cvaldivialu.uns-demo,tgawith73@hc360.com
cvaldivialu.uns-demo,bkeuneke74@uol.com.br
cvaldivialu.uns-demo,ewild75@webs.com
cvaldivialu.uns-demo,cwathey76@go.com
cvaldivialu.uns-demo,vlillford77@noaa.gov
cvaldivialu.uns-demo,rbernardinelli78@weibo.com
cvaldivialu.uns-demo,dthornhill79@newyorker.com
cvaldivialu.uns-demo,askidmore7a@flickr.com
cvaldivialu.uns-demo,mmixer7b@e-recht24.de
cvaldivialu.uns-demo,fhadgkiss7c@foxnews.com
cvaldivialu.uns-demo,kbodsworth7d@bbb.org
cvaldivialu.uns-demo,agalfour7e@altervista.org
cvaldivialu.uns-demo,bgwyn7f@yellowpages.com
cvaldivialu.uns-demo,bprinn7g@tiny.cc
cvaldivialu.uns-demo,odurham7h@biblegateway.com
cvaldivialu.uns-demo,bstreetley7i@lycos.com
cvaldivialu.uns-demo,keade7j@whitehouse.gov
cvaldivialu.uns-demo,blippiett7k@hibu.com
cvaldivialu.uns-demo,emarcos7l@naver.com
cvaldivialu.uns-demo,amarder7m@ftc.gov
cvaldivialu.uns-demo,gsoda7n@altervista.org
cvaldivialu.uns-demo,jculvey7o@desdev.cn
cvaldivialu.uns-demo,htomlinson7p@amazon.com
cvaldivialu.uns-demo,mbenitez7q@slideshare.net
cvaldivialu.uns-demo,rtourot7r@blog.com
cvaldivialu.uns-demo,lislep7s@wordpress.com
cvaldivialu.uns-demo,qbeart7t@clickbank.net
cvaldivialu.uns-demo,vsisey7u@nps.gov
cvaldivialu.uns-demo,ssnedker7v@cam.ac.uk
cvaldivialu.uns-demo,emarston7w@statcounter.com
cvaldivialu.uns-demo,lgalle7x@omniture.com
cvaldivialu.uns-demo,shallet7y@myspace.com
cvaldivialu.uns-demo,gbispo7z@yale.edu
cvaldivialu.uns-demo,mstapele80@hubpages.com
cvaldivialu.uns-demo,eweben81@usatoday.com
cvaldivialu.uns-demo,aturfrey82@dedecms.com
cvaldivialu.uns-demo,vmedlin83@dot.gov
cvaldivialu.uns-demo,cbilsland84@myspace.com
cvaldivialu.uns-demo,gjerschke85@blogspot.com
cvaldivialu.uns-demo,mhenke86@alibaba.com
cvaldivialu.uns-demo,smunkton87@zdnet.com
cvaldivialu.uns-demo,dweekley88@unblog.fr
cvaldivialu.uns-demo,bheigho89@mlb.com
cvaldivialu.uns-demo,sskippings8a@rambler.ru
cvaldivialu.uns-demo,mmcnevin8b@oaic.gov.au
cvaldivialu.uns-demo,svurley8c@tinypic.com
cvaldivialu.uns-demo,pcanelas8d@admin.ch
cvaldivialu.uns-demo,mshemelt8e@arizona.edu
cvaldivialu.uns-demo,agoodding8f@google.de
cvaldivialu.uns-demo,ghearfield8g@wikipedia.org
cvaldivialu.uns-demo,rcaig8h@slate.com
cvaldivialu.uns-demo,mpetrakov8i@squarespace.com
cvaldivialu.uns-demo,sbrennand8j@prnewswire.com
cvaldivialu.uns-demo,melcoat8k@sfgate.com
cvaldivialu.uns-demo,rlukasen8l@fema.gov
cvaldivialu.uns-demo,gbottlestone8m@vistaprint.com
cvaldivialu.uns-demo,broft8n@vk.com
cvaldivialu.uns-demo,wpaynton8o@wordpress.org
cvaldivialu.uns-demo,kmaunton8p@dailymail.co.uk
cvaldivialu.uns-demo,mbock8q@thetimes.co.uk
cvaldivialu.uns-demo,jsimmgen8r@eepurl.com
cvaldivialu.uns-demo,tmorrish8s@soundcloud.com
cvaldivialu.uns-demo,boneil8t@sbwire.com
cvaldivialu.uns-demo,mrobinet8u@naver.com
cvaldivialu.uns-demo,dswadon8v@wordpress.org
cvaldivialu.uns-demo,pcalver8w@ucla.edu
cvaldivialu.uns-demo,aslipper8x@artisteer.com
cvaldivialu.uns-demo,llillistone8y@discovery.com
cvaldivialu.uns-demo,vdevries8z@washington.edu
cvaldivialu.uns-demo,bvanyashkin90@uol.com.br
cvaldivialu.uns-demo,sclapp91@stanford.edu
cvaldivialu.uns-demo,icockshtt92@home.pl
cvaldivialu.uns-demo,fsergeant93@china.com.cn
cvaldivialu.uns-demo,kaubery94@storify.com
cvaldivialu.uns-demo,nchazerand95@pagesperso-orange.fr
cvaldivialu.uns-demo,cmacon96@phpbb.com
cvaldivialu.uns-demo,ssmedmoor97@list-manage.com
cvaldivialu.uns-demo,sartingstall98@plala.or.jp
cvaldivialu.uns-demo,avinten99@cbslocal.com
cvaldivialu.uns-demo,jfenlon9a@blinklist.com
cvaldivialu.uns-demo,sdufton9b@salon.com
cvaldivialu.uns-demo,mvaszoly9c@hubpages.com
cvaldivialu.uns-demo,cgillbee9d@eventbrite.com
cvaldivialu.uns-demo,ladne9e@rambler.ru
cvaldivialu.uns-demo,fferreli9f@usatoday.com
cvaldivialu.uns-demo,lhacon9g@ed.gov
cvaldivialu.uns-demo,kbrabbins9h@wp.com
cvaldivialu.uns-demo,mcratere9i@youtu.be
cvaldivialu.uns-demo,tmorrid9j@studiopress.com
cvaldivialu.uns-demo,mleopold9k@paypal.com
cvaldivialu.uns-demo,sradki9l@mit.edu
cvaldivialu.uns-demo,ugonthier9m@dyndns.org
cvaldivialu.uns-demo,schipp9n@disqus.com
cvaldivialu.uns-demo,mblankman9o@senate.gov
cvaldivialu.uns-demo,whummerston9p@deliciousdays.com
cvaldivialu.uns-demo,bmanton9q@t-online.de
cvaldivialu.uns-demo,asmythe9r@fotki.com
cvaldivialu.uns-demo,dguyton9s@nytimes.com
cvaldivialu.uns-demo,sflaubert9t@senate.gov
cvaldivialu.uns-demo,asleath9u@ihg.com
cvaldivialu.uns-demo,pparrington9v@cbc.ca
cvaldivialu.uns-demo,lmonger9w@mediafire.com
cvaldivialu.uns-demo,bhardin9x@furl.net
cvaldivialu.uns-demo,kcoram9y@army.mil
cvaldivialu.uns-demo,nhegdonne9z@tamu.edu
cvaldivialu.uns-demo,alyesa0@1688.com
cvaldivialu.uns-demo,lhavelina1@bandcamp.com
cvaldivialu.uns-demo,rgartshorea2@hugedomains.com
cvaldivialu.uns-demo,bcanningsa3@blogspot.com
cvaldivialu.uns-demo,bpymera4@soundcloud.com
cvaldivialu.uns-demo,csowreya5@sciencedaily.com
cvaldivialu.uns-demo,bscolesa6@google.ru
cvaldivialu.uns-demo,rroystona7@timesonline.co.uk
cvaldivialu.uns-demo,gmyriea8@twitter.com
cvaldivialu.uns-demo,frambadta9@mit.edu
cvaldivialu.uns-demo,hwhartonaa@arstechnica.com
cvaldivialu.uns-demo,ereimsab@hud.gov
cvaldivialu.uns-demo,lmactrustyac@google.com.hk
cvaldivialu.uns-demo,cferroniad@netlog.com
cvaldivialu.uns-demo,gsilvesterae@edublogs.org
cvaldivialu.uns-demo,wblakesaf@networkadvertising.org
cvaldivialu.uns-demo,gchaddertonag@bloglovin.com
cvaldivialu.uns-demo,espurdleah@trellian.com
cvaldivialu.uns-demo,rblackallerai@ask.com
cvaldivialu.uns-demo,amandrakeaj@angelfire.com
cvaldivialu.uns-demo,edowak@creativecommons.org
cvaldivialu.uns-demo,rstutardal@patch.com
cvaldivialu.uns-demo,criceardsam@blogtalkradio.com
cvaldivialu.uns-demo,lpunchan@posterous.com
cvaldivialu.uns-demo,jdebrettao@lulu.com
cvaldivialu.uns-demo,gskippenap@linkedin.com
cvaldivialu.uns-demo,kdavidyaq@homestead.com
cvaldivialu.uns-demo,gcarltonar@instagram.com
cvaldivialu.uns-demo,vyosifovas@census.gov
cvaldivialu.uns-demo,twhettletonat@joomla.org
cvaldivialu.uns-demo,cfollenau@cnn.com
cvaldivialu.uns-demo,ranneyav@yale.edu
cvaldivialu.uns-demo,alittleoveraw@japanpost.jp
cvaldivialu.uns-demo,leagerax@sina.com.cn
cvaldivialu.uns-demo,kmccreathay@goo.ne.jp
cvaldivialu.uns-demo,gbealesaz@discuz.net
cvaldivialu.uns-demo,mbrocklebankb0@bandcamp.com
cvaldivialu.uns-demo,abraidwoodb1@newyorker.com
cvaldivialu.uns-demo,msigertb2@google.com.au
cvaldivialu.uns-demo,aspellesyb3@nyu.edu
cvaldivialu.uns-demo,ccoombesb4@tinypic.com
cvaldivialu.uns-demo,tastonb5@cornell.edu
cvaldivialu.uns-demo,balbionb6@imdb.com
cvaldivialu.uns-demo,ebiernackib7@woothemes.com
cvaldivialu.uns-demo,bmcliseb8@ehow.com
cvaldivialu.uns-demo,jsmithendb9@arstechnica.com
cvaldivialu.uns-demo,tvaulkhardba@marketwatch.com
cvaldivialu.uns-demo,gswansonbb@bravesites.com
cvaldivialu.uns-demo,srainfordbc@usgs.gov
cvaldivialu.uns-demo,edanielsenbd@umn.edu
cvaldivialu.uns-demo,bbagwellbe@webmd.com
cvaldivialu.uns-demo,btolumellobf@noaa.gov
cvaldivialu.uns-demo,mmitchensonbg@mashable.com
cvaldivialu.uns-demo,wriolfibh@sakura.ne.jp
cvaldivialu.uns-demo,rmerrinbi@delicious.com
cvaldivialu.uns-demo,adoddemeadebj@naver.com
cvaldivialu.uns-demo,jcolebournbk@sogou.com
cvaldivialu.uns-demo,wkhadirbl@marriott.com
cvaldivialu.uns-demo,hgreystockbm@nba.com
cvaldivialu.uns-demo,dbushenbn@shutterfly.com
cvaldivialu.uns-demo,mmanlowbo@businesswire.com
cvaldivialu.uns-demo,bfilipsonbp@deliciousdays.com
cvaldivialu.uns-demo,lpowisbq@slideshare.net
cvaldivialu.uns-demo,mhenrichsenbr@topsy.com
cvaldivialu.uns-demo,fdurtnalbs@blinklist.com
cvaldivialu.uns-demo,lpeverellbt@fc2.com
cvaldivialu.uns-demo,tmcdirmidbu@army.mil
cvaldivialu.uns-demo,amcgilbenbv@nationalgeographic.com
cvaldivialu.uns-demo,lwillshirebw@canalblog.com
cvaldivialu.uns-demo,mbossinghambx@domainmarket.com
cvaldivialu.uns-demo,lgerrieby@sitemeter.com
cvaldivialu.uns-demo,lsatterlybz@unc.edu
cvaldivialu.uns-demo,eharmsonc0@studiopress.com
cvaldivialu.uns-demo,afritchlyc1@i2i.jp
cvaldivialu.uns-demo,aohagertyc2@qq.com
cvaldivialu.uns-demo,asoutheyc3@sina.com.cn
cvaldivialu.uns-demo,igoodburnc4@oaic.gov.au
cvaldivialu.uns-demo,bpiffordc5@mapy.cz
cvaldivialu.uns-demo,hheddenc6@independent.co.uk
cvaldivialu.uns-demo,msanterc7@purevolume.com
cvaldivialu.uns-demo,cneildc8@businesswire.com
cvaldivialu.uns-demo,sfreakc9@businessweek.com
cvaldivialu.uns-demo,twhifeca@bloglovin.com
cvaldivialu.uns-demo,dmaslincb@nbcnews.com
cvaldivialu.uns-demo,mcordellecc@cnn.com
cvaldivialu.uns-demo,gwipercd@cpanel.net
cvaldivialu.uns-demo,skerince@mozilla.org
cvaldivialu.uns-demo,zrodgecf@slashdot.org
cvaldivialu.uns-demo,tblaylockcg@walmart.com
cvaldivialu.uns-demo,aburtenshawch@cmu.edu
cvaldivialu.uns-demo,kschechterci@sitemeter.com
cvaldivialu.uns-demo,mandreicj@topsy.com
cvaldivialu.uns-demo,mdriversck@google.cn
cvaldivialu.uns-demo,rkingcotecl@diigo.com
cvaldivialu.uns-demo,bcremencm@goodreads.com
cvaldivialu.uns-demo,mcamellicn@weibo.com
cvaldivialu.uns-demo,cchatersco@tinypic.com
cvaldivialu.uns-demo,vgrocottcp@sphinn.com
cvaldivialu.uns-demo,ekeysoncq@huffingtonpost.com
cvaldivialu.uns-demo,kknappencr@nba.com
cvaldivialu.uns-demo,yladoncs@reuters.com
cvaldivialu.uns-demo,lcorderoct@youtu.be
cvaldivialu.uns-demo,ckencottcu@hostgator.com
cvaldivialu.uns-demo,bhacquardcv@bbc.co.uk
cvaldivialu.uns-demo,rkeysecw@ameblo.jp
cvaldivialu.uns-demo,rnovellocx@plala.or.jp
cvaldivialu.uns-demo,abosmacy@surveymonkey.com
cvaldivialu.uns-demo,kcromarcz@github.io
cvaldivialu.uns-demo,wmacilraithd0@apache.org
cvaldivialu.uns-demo,abricknerd1@de.vu
cvaldivialu.uns-demo,rphettisd2@symantec.com
cvaldivialu.uns-demo,galvend3@privacy.gov.au
cvaldivialu.uns-demo,nchatwind4@nytimes.com
cvaldivialu.uns-demo,spatried5@ow.ly
cvaldivialu.uns-demo,aoteagued6@goo.gl
cvaldivialu.uns-demo,oivasyushkind7@google.cn
cvaldivialu.uns-demo,soppyd8@google.co.uk
cvaldivialu.uns-demo,bdrengd9@imdb.com
cvaldivialu.uns-demo,mtominida@goo.gl
cvaldivialu.uns-demo,sgarbertdb@about.me
cvaldivialu.uns-demo,ibrunidc@bizjournals.com
cvaldivialu.uns-demo,iworsfielddd@techcrunch.com
cvaldivialu.uns-demo,apietde@gnu.org
cvaldivialu.uns-demo,gspinkdf@nhs.uk
cvaldivialu.uns-demo,eelsmeredg@oaic.gov.au
cvaldivialu.uns-demo,gcoildh@studiopress.com
cvaldivialu.uns-demo,kmauntondi@icq.com
cvaldivialu.uns-demo,amaddisondj@prlog.org
cvaldivialu.uns-demo,hmarishenkodk@alibaba.com
cvaldivialu.uns-demo,mstrognelldl@taobao.com
cvaldivialu.uns-demo,aninnisdm@pen.io
cvaldivialu.uns-demo,wmudddn@aol.com
cvaldivialu.uns-demo,mscollickdo@mediafire.com
cvaldivialu.uns-demo,cyairdp@google.com.hk
cvaldivialu.uns-demo,apohldq@alexa.com
cvaldivialu.uns-demo,ftaffurellidr@theguardian.com
cvaldivialu.uns-demo,fhegleyds@ask.com
cvaldivialu.uns-demo,adevanydt@jigsy.com
cvaldivialu.uns-demo,iotridgedu@blogger.com
cvaldivialu.uns-demo,dbiasidv@bigcartel.com
cvaldivialu.uns-demo,ckusickdw@live.com
cvaldivialu.uns-demo,adikedx@reference.com
cvaldivialu.uns-demo,csipsondy@slideshare.net
cvaldivialu.uns-demo,dcansdalldz@cmu.edu
cvaldivialu.uns-demo,amcgeraghtye0@youtube.com
cvaldivialu.uns-demo,gchadbourne1@google.de
cvaldivialu.uns-demo,sfinlowe2@bluehost.com
cvaldivialu.uns-demo,abloyese3@so-net.ne.jp
cvaldivialu.uns-demo,pmatthensene4@cisco.com
cvaldivialu.uns-demo,ahuggette5@nytimes.com
cvaldivialu.uns-demo,ahaskinse6@stanford.edu
cvaldivialu.uns-demo,bclowese7@csmonitor.com
cvaldivialu.uns-demo,sdimariae8@berkeley.edu
cvaldivialu.uns-demo,owaisone9@cloudflare.com
cvaldivialu.uns-demo,scruzea@apple.com
cvaldivialu.uns-demo,pkamaneb@google.de
cvaldivialu.uns-demo,jpaysec@reddit.com
cvaldivialu.uns-demo,pkneeed@ustream.tv
cvaldivialu.uns-demo,cmeridaee@tamu.edu
cvaldivialu.uns-demo,mpetronisef@house.gov
cvaldivialu.uns-demo,dtopliseg@xinhuanet.com
cvaldivialu.uns-demo,mfrankeleh@ebay.co.uk
cvaldivialu.uns-demo,mpietrowiczei@histats.com
cvaldivialu.uns-demo,ibernardoniej@wp.com
cvaldivialu.uns-demo,eszymanowskiek@g.co
cvaldivialu.uns-demo,bphilbrookel@wordpress.com
cvaldivialu.uns-demo,blongstreetem@blinklist.com
cvaldivialu.uns-demo,mlattimoreen@cnbc.com
cvaldivialu.uns-demo,cseilereo@harvard.edu
cvaldivialu.uns-demo,bboulderep@adobe.com
cvaldivialu.uns-demo,msanseq@histats.com
cvaldivialu.uns-demo,tarletter@columbia.edu
cvaldivialu.uns-demo,bhutfieldes@ebay.co.uk
cvaldivialu.uns-demo,htrevenet@spotify.com
cvaldivialu.uns-demo,dsummerlieeu@topsy.com
cvaldivialu.uns-demo,scausleyev@buzzfeed.com
cvaldivialu.uns-demo,fhabbemaew@nifty.com
cvaldivialu.uns-demo,lfairheadex@statcounter.com
cvaldivialu.uns-demo,klawmaney@senate.gov
cvaldivialu.uns-demo,dabraminoez@sfgate.com
cvaldivialu.uns-demo,rlisettf0@hostgator.com
cvaldivialu.uns-demo,lbrasenerf1@usa.gov
cvaldivialu.uns-demo,cbornf2@smugmug.com
cvaldivialu.uns-demo,nkitchenerf3@cafepress.com
cvaldivialu.uns-demo,jlumleyf4@ning.com
cvaldivialu.uns-demo,hcucuzzaf5@businessinsider.com
cvaldivialu.uns-demo,cwarkf6@ovh.net
cvaldivialu.uns-demo,mgreathamf7@pcworld.com
cvaldivialu.uns-demo,rwildmanf8@ucoz.com
cvaldivialu.uns-demo,etrahairf9@google.it
cvaldivialu.uns-demo,eesomefa@facebook.com
cvaldivialu.uns-demo,labaroughfb@freewebs.com
cvaldivialu.uns-demo,opiersonfc@umn.edu
cvaldivialu.uns-demo,gwadgefd@elpais.com
cvaldivialu.uns-demo,gbridglandfe@tamu.edu
cvaldivialu.uns-demo,ndudmanff@whitehouse.gov
cvaldivialu.uns-demo,gboynesfg@indiatimes.com
cvaldivialu.uns-demo,jchownfh@vimeo.com
cvaldivialu.uns-demo,mbeneyfi@weibo.com
cvaldivialu.uns-demo,vespinhofj@japanpost.jp
cvaldivialu.uns-demo,pyesfk@cocolog-nifty.com
cvaldivialu.uns-demo,gferrarifl@digg.com
cvaldivialu.uns-demo,iwilcefm@php.net
cvaldivialu.uns-demo,jromanetfn@chron.com
cvaldivialu.uns-demo,rmiddlewickfo@mashable.com
cvaldivialu.uns-demo,ucleynefp@telegraph.co.uk
cvaldivialu.uns-demo,satterleyfq@omniture.com
cvaldivialu.uns-demo,wdebruijnefr@blogs.com
cvaldivialu.uns-demo,dmartifs@redcross.org
cvaldivialu.uns-demo,fpayeft@umn.edu
cvaldivialu.uns-demo,hsheldonfu@ucla.edu
cvaldivialu.uns-demo,mcarettefv@npr.org
cvaldivialu.uns-demo,tshallcrofffw@cdbaby.com
cvaldivialu.uns-demo,tiredalefx@redcross.org
cvaldivialu.uns-demo,igontierfy@tuttocitta.it
cvaldivialu.uns-demo,abarwellfz@sciencedirect.com
cvaldivialu.uns-demo,wwyllieg0@forbes.com
cvaldivialu.uns-demo,npennyg1@tuttocitta.it
cvaldivialu.uns-demo,bguidonig2@imgur.com
cvaldivialu.uns-demo,gbattersbyg3@tinypic.com
cvaldivialu.uns-demo,imadrellg4@flickr.com
cvaldivialu.uns-demo,aroizng5@usgs.gov
cvaldivialu.uns-demo,ilackmanng6@eepurl.com
cvaldivialu.uns-demo,lkmicickig7@nsw.gov.au
cvaldivialu.uns-demo,rharpg8@hao123.com
cvaldivialu.uns-demo,gkeatchg9@tmall.com
cvaldivialu.uns-demo,sstedsonga@businessweek.com
cvaldivialu.uns-demo,rthebesgb@epa.gov
cvaldivialu.uns-demo,lantonignettigc@networksolutions.com
cvaldivialu.uns-demo,nhemmingwaygd@netlog.com
cvaldivialu.uns-demo,rwillmorege@tinyurl.com
cvaldivialu.uns-demo,mrizzellogf@webmd.com
cvaldivialu.uns-demo,gtuplingg@telegraph.co.uk
cvaldivialu.uns-demo,mjosefssongh@irs.gov
cvaldivialu.uns-demo,dclissellgi@harvard.edu
cvaldivialu.uns-demo,nclaesensgj@home.pl
cvaldivialu.uns-demo,tmaccartairgk@gmpg.org
cvaldivialu.uns-demo,apenwrightgl@nhs.uk
cvaldivialu.uns-demo,eruckmangm@ovh.net
cvaldivialu.uns-demo,rwinspeargn@t-online.de
cvaldivialu.uns-demo,arainego@google.ru
cvaldivialu.uns-demo,chellensgp@51.la
cvaldivialu.uns-demo,sbedminstergq@yale.edu
cvaldivialu.uns-demo,askymgr@washington.edu
cvaldivialu.uns-demo,mpopplegs@webnode.com
cvaldivialu.uns-demo,cphittiplacegt@ocn.ne.jp
cvaldivialu.uns-demo,dhewgu@pcworld.com
cvaldivialu.uns-demo,kyeilesgv@wordpress.com
cvaldivialu.uns-demo,odunstonegw@issuu.com
cvaldivialu.uns-demo,jfildegx@google.pl
cvaldivialu.uns-demo,bhartlygy@freewebs.com
cvaldivialu.uns-demo,cledgertongz@sakura.ne.jp
cvaldivialu.uns-demo,wkoseh0@nyu.edu
cvaldivialu.uns-demo,erapaporth1@nasa.gov
cvaldivialu.uns-demo,wrozenbaumh2@fc2.com
cvaldivialu.uns-demo,ypugheh3@omniture.com
cvaldivialu.uns-demo,jworcsh4@vk.com
cvaldivialu.uns-demo,cquilliamh5@photobucket.com
cvaldivialu.uns-demo,wbirminghamh6@dion.ne.jp
cvaldivialu.uns-demo,ebartomeuh7@about.com
cvaldivialu.uns-demo,pgeekinh8@zdnet.com
cvaldivialu.uns-demo,rwillmetth9@google.co.uk
cvaldivialu.uns-demo,okuhwaldha@nhs.uk
cvaldivialu.uns-demo,lkiddellhb@engadget.com
cvaldivialu.uns-demo,gpattissonhc@canalblog.com
cvaldivialu.uns-demo,ayelyashevhd@ed.gov
cvaldivialu.uns-demo,mlindemanhe@wunderground.com
cvaldivialu.uns-demo,sjurasekhf@facebook.com
cvaldivialu.uns-demo,rjeryhg@icq.com
cvaldivialu.uns-demo,dcharmanhh@homestead.com
cvaldivialu.uns-demo,rbrodwayhi@vimeo.com
cvaldivialu.uns-demo,flavinhj@cbslocal.com
cvaldivialu.uns-demo,jlesleyhk@about.com
cvaldivialu.uns-demo,mvondrakhl@kickstarter.com
cvaldivialu.uns-demo,dblecklyhm@oakley.com
cvaldivialu.uns-demo,vjezzardhn@blogs.com
cvaldivialu.uns-demo,aoleaghamho@washingtonpost.com
cvaldivialu.uns-demo,dwarrickhp@tripod.com
cvaldivialu.uns-demo,larenthq@omniture.com
cvaldivialu.uns-demo,bpeyehr@soundcloud.com
cvaldivialu.uns-demo,dscinellihs@symantec.com
cvaldivialu.uns-demo,htukeht@gizmodo.com
cvaldivialu.uns-demo,dpatingtonhu@home.pl
cvaldivialu.uns-demo,hforsydehv@ucoz.com
cvaldivialu.uns-demo,cmallalieuhw@jugem.jp
cvaldivialu.uns-demo,dshoemarkhx@gmpg.org
cvaldivialu.uns-demo,bbennettshy@lycos.com
cvaldivialu.uns-demo,kwillicotthz@chicagotribune.com
cvaldivialu.uns-demo,nplayfooti0@yellowbook.com
cvaldivialu.uns-demo,mfoisteri1@simplemachines.org
cvaldivialu.uns-demo,obrestoni2@weibo.com
cvaldivialu.uns-demo,gstedalli3@adobe.com
cvaldivialu.uns-demo,bleaveyi4@abc.net.au
cvaldivialu.uns-demo,gvateri5@angelfire.com
cvaldivialu.uns-demo,pgouleyi6@mail.ru
cvaldivialu.uns-demo,ifrigoti7@aboutads.info
cvaldivialu.uns-demo,bharryi8@google.de
cvaldivialu.uns-demo,cwelleri9@ihg.com
cvaldivialu.uns-demo,kstuttia@cloudflare.com
cvaldivialu.uns-demo,lfrankiewiczib@wisc.edu
cvaldivialu.uns-demo,gnicklessic@goodreads.com
cvaldivialu.uns-demo,klohdenid@reverbnation.com
cvaldivialu.uns-demo,blebrunie@cbsnews.com
cvaldivialu.uns-demo,cmaudittif@buzzfeed.com
cvaldivialu.uns-demo,cdocwraig@tmall.com
cvaldivialu.uns-demo,iecclestoneih@bigcartel.com
cvaldivialu.uns-demo,tthompkinsii@com.com
cvaldivialu.uns-demo,gwhellansij@house.gov
cvaldivialu.uns-demo,aceschiniik@gravatar.com
cvaldivialu.uns-demo,wdassindaleil@bigcartel.com
cvaldivialu.uns-demo,ushahim@hc360.com
cvaldivialu.uns-demo,msmogurin@themeforest.net
cvaldivialu.uns-demo,tlivingstonio@hp.com
cvaldivialu.uns-demo,nsisselotip@google.com
cvaldivialu.uns-demo,jleftbridgeiq@de.vu
cvaldivialu.uns-demo,tsherringhamir@stumbleupon.com
cvaldivialu.uns-demo,bdykinsis@theglobeandmail.com
cvaldivialu.uns-demo,pbritlandit@amazonaws.com
cvaldivialu.uns-demo,lbohiniu@ox.ac.uk
cvaldivialu.uns-demo,dslyneiv@artisteer.com
cvaldivialu.uns-demo,mitzikiw@cmu.edu
cvaldivialu.uns-demo,atraffordix@freewebs.com
cvaldivialu.uns-demo,kdonnachieiy@japanpost.jp
cvaldivialu.uns-demo,hbarrickiz@printfriendly.com
cvaldivialu.uns-demo,amuncerj0@symantec.com
cvaldivialu.uns-demo,bbrenstonj1@ucsd.edu
cvaldivialu.uns-demo,dhulkesj2@stumbleupon.com
cvaldivialu.uns-demo,omuddj3@vimeo.com
cvaldivialu.uns-demo,cwhapplesj4@godaddy.com
cvaldivialu.uns-demo,tfeatherstonehaughj5@mac.com
cvaldivialu.uns-demo,bfrazierj6@ifeng.com
cvaldivialu.uns-demo,gbowesj7@tiny.cc
cvaldivialu.uns-demo,esargisonj8@ed.gov
cvaldivialu.uns-demo,hmcwhorterj9@usa.gov
cvaldivialu.uns-demo,cruaneja@telegraph.co.uk
cvaldivialu.uns-demo,lmuckianjb@sitemeter.com
cvaldivialu.uns-demo,kdaymondjc@free.fr
cvaldivialu.uns-demo,crolfojd@woothemes.com
cvaldivialu.uns-demo,tschoolingje@nih.gov
cvaldivialu.uns-demo,mpitceathlyjf@pagesperso-orange.fr
cvaldivialu.uns-demo,dantoszewskijg@ycombinator.com
cvaldivialu.uns-demo,xwordsworthjh@washington.edu
cvaldivialu.uns-demo,pcallisterji@google.com.br
cvaldivialu.uns-demo,kharmsonjj@ibm.com
cvaldivialu.uns-demo,rcominellojk@wired.com
cvaldivialu.uns-demo,adeakanjl@chron.com
cvaldivialu.uns-demo,bshierjm@etsy.com
cvaldivialu.uns-demo,ccreserjn@nbcnews.com
cvaldivialu.uns-demo,vhaddrilljo@woothemes.com
cvaldivialu.uns-demo,vhanafordjp@360.cn
cvaldivialu.uns-demo,cedsalljq@mtv.com
cvaldivialu.uns-demo,ajulyjr@bigcartel.com
cvaldivialu.uns-demo,rrebanksjs@ebay.co.uk
cvaldivialu.uns-demo,mguthersonjt@twitter.com
cvaldivialu.uns-demo,bworsomju@flickr.com
cvaldivialu.uns-demo,ktrowerjv@furl.net
cvaldivialu.uns-demo,adunbabinjw@ted.com
cvaldivialu.uns-demo,cofahertyjx@pbs.org
cvaldivialu.uns-demo,jromaynesjy@nih.gov
cvaldivialu.uns-demo,aquyejz@jalbum.net
cvaldivialu.uns-demo,dpegrumk0@cpanel.net
cvaldivialu.uns-demo,mmcnessk1@paginegialle.it
cvaldivialu.uns-demo,mtillyk2@clickbank.net
cvaldivialu.uns-demo,mpelzk3@shareasale.com
cvaldivialu.uns-demo,sserridgek4@amazonaws.com
cvaldivialu.uns-demo,rfilippok5@mac.com
cvaldivialu.uns-demo,gkennardk6@harvard.edu
cvaldivialu.uns-demo,pjedrzejk7@cnbc.com
cvaldivialu.uns-demo,ephilbrickk8@indiegogo.com
cvaldivialu.uns-demo,shuddlek9@globo.com
cvaldivialu.uns-demo,triltonka@narod.ru
cvaldivialu.uns-demo,gcristofolinikb@imgur.com
cvaldivialu.uns-demo,ddulieukc@shinystat.com
cvaldivialu.uns-demo,rreamskd@imgur.com
cvaldivialu.uns-demo,ctorbetke@spotify.com
cvaldivialu.uns-demo,rteaseykf@google.com
cvaldivialu.uns-demo,hdrohankg@people.com.cn
cvaldivialu.uns-demo,pgaskillkh@auda.org.au
cvaldivialu.uns-demo,dbranniganki@ihg.com
cvaldivialu.uns-demo,opapaminaskj@1688.com
cvaldivialu.uns-demo,cgrimsditchkk@miibeian.gov.cn
cvaldivialu.uns-demo,bmardeekl@desdev.cn
cvaldivialu.uns-demo,mgrangierkm@geocities.com
cvaldivialu.uns-demo,bpottingerkn@npr.org
cvaldivialu.uns-demo,smolyneauxko@virginia.edu
cvaldivialu.uns-demo,gbuckamkp@chronoengine.com
cvaldivialu.uns-demo,adoblinkq@cafepress.com
cvaldivialu.uns-demo,khawkinskr@go.com
cvaldivialu.uns-demo,mburchmoreks@mlb.com
cvaldivialu.uns-demo,eparidgekt@japanpost.jp
cvaldivialu.uns-demo,mdisdelku@alibaba.com
cvaldivialu.uns-demo,lwishamkv@slate.com
cvaldivialu.uns-demo,gbattesonkw@phoca.cz
cvaldivialu.uns-demo,ovancekx@cdbaby.com
cvaldivialu.uns-demo,rserleky@stumbleupon.com
cvaldivialu.uns-demo,lbeaneykz@hhs.gov
cvaldivialu.uns-demo,ntendahll0@chronoengine.com
cvaldivialu.uns-demo,vpretsell1@lycos.com
cvaldivialu.uns-demo,bsaphinl2@mysql.com
cvaldivialu.uns-demo,evorleyl3@meetup.com
cvaldivialu.uns-demo,ctinemanl4@t.co
cvaldivialu.uns-demo,slutmanl5@vk.com
cvaldivialu.uns-demo,ngavanl6@ovh.net
cvaldivialu.uns-demo,ggrigorianl7@chron.com
cvaldivialu.uns-demo,gingredal8@weebly.com
cvaldivialu.uns-demo,ascneiderl9@reuters.com
cvaldivialu.uns-demo,ccajklerla@jugem.jp
cvaldivialu.uns-demo,bbotterelllb@hugedomains.com
cvaldivialu.uns-demo,schamlc@shutterfly.com
cvaldivialu.uns-demo,mrosthornld@meetup.com
cvaldivialu.uns-demo,hsawartle@theguardian.com
cvaldivialu.uns-demo,wtabererlf@wikimedia.org
cvaldivialu.uns-demo,vlemarquandlg@time.com
cvaldivialu.uns-demo,sknowltonlh@networksolutions.com
cvaldivialu.uns-demo,rmcclellandli@sina.com.cn
cvaldivialu.uns-demo,jscaneslj@cnbc.com
cvaldivialu.uns-demo,medesonlk@hostgator.com
cvaldivialu.uns-demo,ccouvell@aboutads.info
cvaldivialu.uns-demo,kbrimmlm@weibo.com
cvaldivialu.uns-demo,tmaryinln@blogspot.com
cvaldivialu.uns-demo,gbowlinglo@pcworld.com
cvaldivialu.uns-demo,cboathlp@illinois.edu
cvaldivialu.uns-demo,aweatheruplq@barnesandnoble.com
cvaldivialu.uns-demo,aropkeslr@cam.ac.uk
cvaldivialu.uns-demo,gjacopls@squidoo.com
cvaldivialu.uns-demo,cmottinellilt@boston.com
cvaldivialu.uns-demo,rbarkerlu@omniture.com
cvaldivialu.uns-demo,dcrossanlv@posterous.com
cvaldivialu.uns-demo,cyurenevlw@squidoo.com
cvaldivialu.uns-demo,jboxhalllx@so-net.ne.jp
cvaldivialu.uns-demo,awaterhowsely@cloudflare.com
cvaldivialu.uns-demo,rmamwelllz@canalblog.com
cvaldivialu.uns-demo,tdightm0@dell.com
cvaldivialu.uns-demo,wdigiacomettinom1@seesaa.net
cvaldivialu.uns-demo,bschottm2@cdc.gov
cvaldivialu.uns-demo,fkeechm3@nationalgeographic.com
cvaldivialu.uns-demo,mstreetsm4@hatena.ne.jp
cvaldivialu.uns-demo,doswellm5@unicef.org
cvaldivialu.uns-demo,rcasteroum6@dedecms.com
cvaldivialu.uns-demo,kstraingem7@google.pl
cvaldivialu.uns-demo,pjoslowm8@apple.com
cvaldivialu.uns-demo,etobym9@cnbc.com
cvaldivialu.uns-demo,usellimanma@purevolume.com
cvaldivialu.uns-demo,hchilcottemb@diigo.com
cvaldivialu.uns-demo,cbodillmc@bbb.org
cvaldivialu.uns-demo,cflewmd@php.net
cvaldivialu.uns-demo,lbiggamme@wufoo.com
cvaldivialu.uns-demo,bcrinionmf@phoca.cz
cvaldivialu.uns-demo,lmoremanmg@businessinsider.com
cvaldivialu.uns-demo,rcaulcuttmh@artisteer.com
cvaldivialu.uns-demo,mparnhammi@symantec.com
cvaldivialu.uns-demo,csolesburymj@shinystat.com
cvaldivialu.uns-demo,dturmelmk@joomla.org
cvaldivialu.uns-demo,lraggittml@barnesandnoble.com
cvaldivialu.uns-demo,sstonuarymm@washingtonpost.com
cvaldivialu.uns-demo,vbayfieldmn@accuweather.com
cvaldivialu.uns-demo,mdurekmo@dell.com
cvaldivialu.uns-demo,dsnoxellmp@fda.gov
cvaldivialu.uns-demo,lbraunesmq@virginia.edu
cvaldivialu.uns-demo,lhotsonmr@acquirethisname.com
cvaldivialu.uns-demo,drosenbergerms@freewebs.com
cvaldivialu.uns-demo,bbottlesonmt@multiply.com
cvaldivialu.uns-demo,staytmu@chron.com
cvaldivialu.uns-demo,mmcgillicuddymv@nba.com
cvaldivialu.uns-demo,emausmw@merriam-webster.com
cvaldivialu.uns-demo,abagshawmx@booking.com
cvaldivialu.uns-demo,cgoodfellowmy@amazon.co.uk
cvaldivialu.uns-demo,gwimletmz@wikimedia.org
cvaldivialu.uns-demo,dbroscomben0@github.com
cvaldivialu.uns-demo,mcindereyn1@uiuc.edu
cvaldivialu.uns-demo,aperonen2@github.io
cvaldivialu.uns-demo,sgreginen3@t.co
cvaldivialu.uns-demo,qmassern4@cnn.com
cvaldivialu.uns-demo,dgillinghamn5@patch.com
cvaldivialu.uns-demo,dankersn6@jugem.jp
cvaldivialu.uns-demo,fmorn7@studiopress.com
cvaldivialu.uns-demo,lmennelln8@taobao.com
cvaldivialu.uns-demo,sstuddeardn9@elegantthemes.com
cvaldivialu.uns-demo,sairetonna@hexun.com
cvaldivialu.uns-demo,btoulsonnb@cnn.com
cvaldivialu.uns-demo,ecowburnnc@house.gov
cvaldivialu.uns-demo,mtitcumbnd@youku.com
cvaldivialu.uns-demo,pclendinningne@sciencedaily.com
cvaldivialu.uns-demo,tchisnellnf@shop-pro.jp
cvaldivialu.uns-demo,blallyng@youku.com
cvaldivialu.uns-demo,cdavidovitsnh@chicagotribune.com
cvaldivialu.uns-demo,ageipelni@google.de
cvaldivialu.uns-demo,fharberernj@buzzfeed.com
cvaldivialu.uns-demo,vmaccartairnk@hexun.com
cvaldivialu.uns-demo,tdemarconl@soup.io
cvaldivialu.uns-demo,tkilminsternm@cnn.com
cvaldivialu.uns-demo,dtriggsnn@ocn.ne.jp
cvaldivialu.uns-demo,wmcteagueno@huffingtonpost.com
cvaldivialu.uns-demo,dgeelannp@reddit.com
cvaldivialu.uns-demo,cbolinnq@spotify.com
cvaldivialu.uns-demo,dbernardotnr@technorati.com
cvaldivialu.uns-demo,rproutns@youtube.com
cvaldivialu.uns-demo,jverrynt@pbs.org
cvaldivialu.uns-demo,challernu@buzzfeed.com
cvaldivialu.uns-demo,aairdnv@wunderground.com
cvaldivialu.uns-demo,sdevaannw@marketwatch.com
cvaldivialu.uns-demo,mdelepinenx@abc.net.au
cvaldivialu.uns-demo,lvearncombeny@altervista.org
cvaldivialu.uns-demo,cheardnz@google.co.jp
cvaldivialu.uns-demo,cdevoteo0@tripod.com
cvaldivialu.uns-demo,maneleyo1@kickstarter.com
cvaldivialu.uns-demo,fwilshereo2@paypal.com
cvaldivialu.uns-demo,dmatushenkoo3@mapy.cz
cvaldivialu.uns-demo,fshaleso4@ameblo.jp
cvaldivialu.uns-demo,dbygotto5@google.com
cvaldivialu.uns-demo,gphilliskirko6@hc360.com
cvaldivialu.uns-demo,rgemletto7@mediafire.com
cvaldivialu.uns-demo,dbacho8@microsoft.com
cvaldivialu.uns-demo,smouranto9@artisteer.com
cvaldivialu.uns-demo,chacquoiloa@mozilla.org
cvaldivialu.uns-demo,clamortob@constantcontact.com
cvaldivialu.uns-demo,oheenanoc@toplist.cz
cvaldivialu.uns-demo,wbeharrellod@gizmodo.com
cvaldivialu.uns-demo,llestrangeoe@yandex.ru
cvaldivialu.uns-demo,scaseroof@epa.gov
cvaldivialu.uns-demo,mwhettletonog@baidu.com
cvaldivialu.uns-demo,jloseloh@linkedin.com
cvaldivialu.uns-demo,eevemyoi@shutterfly.com
cvaldivialu.uns-demo,tlaughrenoj@va.gov
cvaldivialu.uns-demo,ibrogiok@qq.com
cvaldivialu.uns-demo,csyrettol@sakura.ne.jp
cvaldivialu.uns-demo,vbyrdom@macromedia.com
cvaldivialu.uns-demo,cmerillon@admin.ch
cvaldivialu.uns-demo,hboweoo@un.org
cvaldivialu.uns-demo,ipavlishchevop@redcross.org
cvaldivialu.uns-demo,jbanfieldoq@sitemeter.com
cvaldivialu.uns-demo,wpressdeeor@lycos.com
cvaldivialu.uns-demo,rhairsineos@psu.edu
cvaldivialu.uns-demo,ecauldfieldot@wisc.edu
cvaldivialu.uns-demo,ematveyevou@twitter.com
cvaldivialu.uns-demo,keadenov@patch.com
cvaldivialu.uns-demo,gnizetow@addthis.com
cvaldivialu.uns-demo,yoverstreetox@independent.co.uk
cvaldivialu.uns-demo,tbehnenoy@addtoany.com
cvaldivialu.uns-demo,ljosefoz@blogger.com
cvaldivialu.uns-demo,eackredp0@wsj.com
cvaldivialu.uns-demo,ccherryp1@godaddy.com
cvaldivialu.uns-demo,bbendixp2@discovery.com
cvaldivialu.uns-demo,adoonicanp3@t.co
cvaldivialu.uns-demo,bbartletp4@state.tx.us
cvaldivialu.uns-demo,cdunmuirp5@amazon.de
cvaldivialu.uns-demo,rsiccombep6@telegraph.co.uk
cvaldivialu.uns-demo,lpinardp7@feedburner.com
cvaldivialu.uns-demo,jkonnekep8@issuu.com
cvaldivialu.uns-demo,ewakleyp9@epa.gov
cvaldivialu.uns-demo,cblazejewskipa@nymag.com
cvaldivialu.uns-demo,acondellpb@cpanel.net
cvaldivialu.uns-demo,emarrittpc@godaddy.com
cvaldivialu.uns-demo,alountpd@w3.org
cvaldivialu.uns-demo,avelape@tuttocitta.it
cvaldivialu.uns-demo,aholsallpf@dedecms.com
cvaldivialu.uns-demo,jjennickpg@bloglovin.com
cvaldivialu.uns-demo,bdodimeadph@ehow.com
cvaldivialu.uns-demo,yarrighipi@ted.com
cvaldivialu.uns-demo,zcollinspj@unblog.fr
cvaldivialu.uns-demo,adankopk@cpanel.net
cvaldivialu.uns-demo,tworcesterpl@fda.gov
cvaldivialu.uns-demo,lwesleypm@devhub.com
cvaldivialu.uns-demo,fnairnepn@xrea.com
cvaldivialu.uns-demo,llarkbypo@hud.gov
cvaldivialu.uns-demo,aduvalpp@ebay.co.uk
cvaldivialu.uns-demo,rpikhnopq@privacy.gov.au
cvaldivialu.uns-demo,aeloypr@sfgate.com
cvaldivialu.uns-demo,loxherdps@nsw.gov.au
cvaldivialu.uns-demo,lgrelakpt@si.edu
cvaldivialu.uns-demo,pjellicorsepu@who.int
cvaldivialu.uns-demo,eellettpv@apache.org
cvaldivialu.uns-demo,tfillerpw@uiuc.edu
cvaldivialu.uns-demo,mdupreypx@dropbox.com
cvaldivialu.uns-demo,imencipy@spotify.com
cvaldivialu.uns-demo,bmcnirlanpz@usatoday.com
cvaldivialu.uns-demo,jviccaryq0@arstechnica.com
cvaldivialu.uns-demo,gblackaterq1@cloudflare.com
cvaldivialu.uns-demo,phiddsleyq2@umich.edu
cvaldivialu.uns-demo,erutiglianoq3@google.fr
cvaldivialu.uns-demo,ddowkerq4@slideshare.net
cvaldivialu.uns-demo,sechlinq5@illinois.edu
cvaldivialu.uns-demo,maingellq6@people.com.cn
cvaldivialu.uns-demo,ktethcoteq7@scribd.com
cvaldivialu.uns-demo,aklieslq8@angelfire.com
cvaldivialu.uns-demo,mdisburyq9@scribd.com
cvaldivialu.uns-demo,vwookeyqa@upenn.edu
cvaldivialu.uns-demo,ggaliaqb@vk.com
cvaldivialu.uns-demo,bbrandinoqc@qq.com
cvaldivialu.uns-demo,ihowittqd@vistaprint.com
cvaldivialu.uns-demo,ghulmeqe@netvibes.com
cvaldivialu.uns-demo,mstrelitzqf@harvard.edu
cvaldivialu.uns-demo,mlatehouseqg@indiatimes.com
cvaldivialu.uns-demo,ameagherqh@lulu.com
cvaldivialu.uns-demo,iguietqi@gmpg.org
cvaldivialu.uns-demo,lgoldwaterqj@si.edu
cvaldivialu.uns-demo,scarmodyqk@merriam-webster.com
cvaldivialu.uns-demo,mforsardql@dot.gov
cvaldivialu.uns-demo,wtregidgoqm@who.int
cvaldivialu.uns-demo,jtomczykowskiqn@aol.com
cvaldivialu.uns-demo,jgormleyqo@mail.ru
cvaldivialu.uns-demo,ezavattieroqp@cbslocal.com
cvaldivialu.uns-demo,sjohnseyqq@nba.com
cvaldivialu.uns-demo,athomingaqr@cbc.ca
cvaldivialu.uns-demo,srebbeckqs@ox.ac.uk
cvaldivialu.uns-demo,ebannonqt@sbwire.com
cvaldivialu.uns-demo,kcutlerqu@cmu.edu
cvaldivialu.uns-demo,mhurndallqv@marriott.com
cvaldivialu.uns-demo,mplaistoweqw@imdb.com
cvaldivialu.uns-demo,qmitchardqx@indiegogo.com
cvaldivialu.uns-demo,tduigedqy@wired.com
cvaldivialu.uns-demo,cmucklowqz@networkadvertising.org
cvaldivialu.uns-demo,gkainesr0@forbes.com
cvaldivialu.uns-demo,crumbellowr1@vinaora.com
cvaldivialu.uns-demo,adanielisr2@technorati.com
cvaldivialu.uns-demo,hmarcusr3@instagram.com
cvaldivialu.uns-demo,psackeyr4@disqus.com
cvaldivialu.uns-demo,sffrenchr5@gnu.org
cvaldivialu.uns-demo,hheeneyr6@acquirethisname.com
cvaldivialu.uns-demo,baxstonr7@auda.org.au
cvaldivialu.uns-demo,ncrumbyr8@cisco.com
cvaldivialu.uns-demo,hmowenr9@w3.org
cvaldivialu.uns-demo,smcguirkra@nps.gov
cvaldivialu.uns-demo,asimanenkorb@sohu.com
cvaldivialu.uns-demo,cbeglinrc@phoca.cz
cvaldivialu.uns-demo,phackforthrd@elpais.com
cvaldivialu.uns-demo,equinnettere@go.com
cvaldivialu.uns-demo,hkinahanrf@cbc.ca
cvaldivialu.uns-demo,bminotrg@pagesperso-orange.fr
cvaldivialu.uns-demo,mcranchrh@nydailynews.com
cvaldivialu.uns-demo,wterringtonri@google.com
cvaldivialu.uns-demo,measterfieldrj@flickr.com
cvaldivialu.uns-demo,mkellyrk@dell.com
cvaldivialu.uns-demo,plyfferl@pbs.org
cvaldivialu.uns-demo,lspringthorperm@virginia.edu
cvaldivialu.uns-demo,raleswellrn@hostgator.com
cvaldivialu.uns-demo,vthayrero@biglobe.ne.jp
cvaldivialu.uns-demo,rkinsetrp@baidu.com
cvaldivialu.uns-demo,eledesrq@istockphoto.com
cvaldivialu.uns-demo,ptofanellirr@mozilla.com
